transaction_id,account_id,timestamp,amount_inr,merchant_name,merchant_category,transaction_type,city,hour_of_day,day_of_week,is_international,velocity_flag,geo_anomaly_flag,high_amount_flag,fraud_label,fraud_reason
TXN500001,ACC995993,2023-05-21 01:35:00,7553.61,Flipkart,E-commerce,Credit Card,Mumbai,1,Sunday,No,No,No,No,0,
TXN500002,ACC163182,2023-09-26 10:44:00,634.78,Zomato,Food Delivery,Credit Card,Chennai,10,Tuesday,No,No,No,No,0,
TXN500003,ACC107161,2023-08-26 01:35:00,1136.71,Zomato,Food Delivery,UPI,Hyderabad,1,Saturday,No,No,No,No,0,
TXN500004,ACC103642,2023-07-09 02:34:00,41478.01,VPN_Service_Anon,Digital,UPI,Dubai,2,Sunday,Yes,Yes,Yes,Yes,1,Off-hours
TXN500005,ACC218118,2023-04-07 18:46:00,1139.76,Ola Cabs,Transport,Debit Card,Chennai,18,Friday,No,No,No,No,0,
TXN500006,ACC967161,2023-09-03 07:44:00,516.7,Flipkart,E-commerce,Net Banking,Kolkata,7,Sunday,No,No,No,No,0,
TXN500007,ACC956113,2023-06-07 08:23:00,1615.49,Paytm Mall,E-commerce,Credit Card,Chennai,8,Wednesday,No,No,No,No,0,
TXN500008,ACC451317,2023-10-16 07:47:00,1188.86,BigBasket,Grocery,Debit Card,Bangalore,7,Monday,No,No,No,No,0,
TXN500009,ACC667451,2023-10-19 07:31:00,12680.7,Paytm Mall,E-commerce,Debit Card,Ahmedabad,7,Thursday,No,No,No,No,0,
TXN500010,ACC122827,2023-03-28 04:46:00,1002.22,Paytm Mall,E-commerce,UPI,Mumbai,4,Tuesday,No,No,No,No,0,
TXN500011,ACC398384,2023-01-04 13:08:00,4843.36,Spotify,Subscription,UPI,Hyderabad,13,Wednesday,No,No,No,No,0,
TXN500012,ACC389039,2023-12-04 15:01:00,82.62,Amazon,E-commerce,UPI,Mumbai,15,Monday,No,No,No,No,0,
TXN500013,ACC464663,2023-04-02 03:58:00,1258.57,Swiggy,Food Delivery,Net Banking,Pune,3,Sunday,No,No,No,No,0,
TXN500014,ACC777255,2023-08-24 18:15:00,11331.34,VPN_Service_Anon,Digital,Card-Not-Present,Kuala Lumpur,18,Thursday,Yes,No,Yes,No,1,Location anomaly
TXN500015,ACC667451,2023-07-13 17:30:00,31854.93,UnknownMerchant_XYZ,Unknown,ATM,Kuala Lumpur,17,Thursday,Yes,Yes,Yes,Yes,1,High amount
TXN500016,ACC638179,2023-10-17 03:57:00,10999.74,Paytm Mall,E-commerce,UPI,Pune,3,Tuesday,No,No,No,No,0,
TXN500017,ACC164758,2023-10-06 18:42:00,1708.33,Amazon,E-commerce,UPI,Kolkata,18,Friday,No,No,No,No,0,
TXN500018,ACC434394,2023-05-04 18:53:00,1798.23,Spotify,Subscription,UPI,Delhi,18,Thursday,No,No,No,No,0,
TXN500019,ACC946112,2023-01-28 03:27:00,14413.16,IRCTC,Travel,UPI,Hyderabad,3,Saturday,No,No,No,No,0,
TXN500020,ACC103642,2023-09-09 07:22:00,1885.23,Paytm Mall,E-commerce,Debit Card,Pune,7,Saturday,No,No,No,No,0,
TXN500021,ACC779776,2023-05-18 04:24:00,1578.59,Uber,Transport,Credit Card,Mumbai,4,Thursday,No,No,No,No,0,
TXN500022,ACC837952,2023-02-22 04:05:00,890.41,BigBasket,Grocery,UPI,Hyderabad,4,Wednesday,No,No,No,No,0,
TXN500023,ACC158338,2023-07-17 00:18:00,19420.2,AbroadMerchant_TK,International,ATM,Dubai,0,Monday,Yes,No,Yes,No,1,Off-hours
TXN500024,ACC667451,2023-03-28 04:17:00,376.05,BookMyShow,Entertainment,UPI,Ahmedabad,4,Tuesday,No,No,No,No,0,
TXN500025,ACC965708,2023-11-17 15:38:00,644.08,Flipkart,E-commerce,Credit Card,Kolkata,15,Friday,No,No,No,No,0,
TXN500026,ACC464663,2023-11-30 19:08:00,6084.38,BookMyShow,Entertainment,Credit Card,Hyderabad,19,Thursday,No,No,No,No,0,
TXN500027,ACC218326,2023-10-22 07:20:00,1582.44,Zomato,Food Delivery,UPI,Bangalore,7,Sunday,No,No,No,No,0,
TXN500028,ACC619447,2023-08-25 22:13:00,13021.24,PhonePe Wallet,Wallet,Debit Card,Ahmedabad,22,Friday,No,No,No,No,0,
TXN500029,ACC663628,2023-05-10 21:09:00,9773.14,Uber,Transport,UPI,Kolkata,21,Wednesday,No,No,No,No,0,
TXN500030,ACC103161,2023-12-26 17:38:00,45723.43,VPN_Service_Anon,Digital,ATM,Dubai,17,Tuesday,Yes,No,Yes,Yes,1,Unknown merchant
TXN500031,ACC212512,2023-10-16 20:43:00,829.25,Ola Cabs,Transport,Credit Card,Delhi,20,Monday,No,No,No,No,0,
TXN500032,ACC568127,2023-10-13 18:44:00,779.53,Flipkart,E-commerce,UPI,Hyderabad,18,Friday,No,No,No,No,0,
TXN500033,ACC272529,2023-08-01 02:07:00,326.27,Spotify,Subscription,Credit Card,Ahmedabad,2,Tuesday,No,No,No,No,0,
TXN500034,ACC512151,2023-12-23 14:20:00,635.51,Swiggy,Food Delivery,UPI,Bangalore,14,Saturday,No,No,No,No,0,
TXN500035,ACC826420,2023-10-10 05:21:00,951.01,Paytm Mall,E-commerce,Net Banking,Kolkata,5,Tuesday,No,No,No,No,0,
TXN500036,ACC907236,2023-08-19 18:27:00,272.28,AbroadMerchant_TK,International,ATM,London,18,Saturday,Yes,Yes,Yes,No,1,Location anomaly
TXN500037,ACC560285,2023-04-06 11:20:00,1732.14,IRCTC,Travel,UPI,Kolkata,11,Thursday,No,No,No,No,0,
TXN500038,ACC769752,2023-06-28 11:54:00,1253.86,PhonePe Wallet,Wallet,Credit Card,Bangalore,11,Wednesday,No,No,No,No,0,
TXN500039,ACC221886,2023-03-01 05:23:00,7110.72,VPN_Service_Anon,Digital,NEFT,Unknown,5,Wednesday,Yes,No,Yes,No,1,Velocity breach
TXN500040,ACC793939,2023-04-06 15:40:00,9213.86,Paytm Mall,E-commerce,Debit Card,Pune,15,Thursday,No,No,No,No,0,
TXN500041,ACC103642,2023-11-14 01:55:00,6991.27,Myntra,Apparel,UPI,Kolkata,1,Tuesday,No,No,No,No,0,
TXN500042,ACC863214,2023-09-08 05:05:00,619.58,Flipkart,E-commerce,Net Banking,Bangalore,5,Friday,No,No,No,No,0,
TXN500043,ACC948799,2023-10-09 16:07:00,272.7,Flipkart,E-commerce,UPI,Ahmedabad,16,Monday,No,No,No,No,0,
TXN500044,ACC665497,2023-02-22 23:53:00,1998.66,Ola Cabs,Transport,Net Banking,Delhi,23,Wednesday,No,No,No,No,0,
TXN500045,ACC967161,2023-05-02 06:51:00,733.73,Uber,Transport,Debit Card,Bangalore,6,Tuesday,No,No,No,No,0,
TXN500046,ACC240718,2023-10-19 11:34:00,1959.05,BookMyShow,Entertainment,Debit Card,Delhi,11,Thursday,No,No,No,No,0,
TXN500047,ACC501058,2023-01-31 08:55:00,1738.85,Ola Cabs,Transport,Net Banking,Kolkata,8,Tuesday,No,No,No,No,0,
TXN500048,ACC653829,2023-11-18 13:24:00,1549.32,PhonePe Wallet,Wallet,Net Banking,Hyderabad,13,Saturday,No,No,No,No,0,
TXN500049,ACC575458,2023-10-25 00:55:00,1945.69,Netflix,Subscription,UPI,Delhi,0,Wednesday,No,No,No,No,0,
TXN500050,ACC785280,2023-04-19 15:17:00,9359.85,Myntra,Apparel,UPI,Hyderabad,15,Wednesday,No,No,No,No,0,
TXN500051,ACC451317,2023-02-20 20:50:00,946.18,Spotify,Subscription,Debit Card,Kolkata,20,Monday,No,No,No,No,0,
TXN500052,ACC200018,2023-11-29 09:10:00,1326.45,Spotify,Subscription,UPI,Bangalore,9,Wednesday,No,No,No,No,0,
TXN500053,ACC221886,2023-12-25 07:27:00,235.61,Ola Cabs,Transport,UPI,Ahmedabad,7,Monday,No,No,No,No,0,
TXN500054,ACC584838,2023-03-03 13:44:00,23910.65,IntlCharge_8827,International,NEFT,London,13,Friday,Yes,Yes,Yes,Yes,1,Location anomaly
TXN500055,ACC176577,2023-06-03 04:24:00,32096.09,IntlCharge_8827,International,ATM,Kuala Lumpur,4,Saturday,Yes,Yes,Yes,Yes,1,Off-hours
TXN500056,ACC700705,2023-08-14 11:46:00,345.18,IRCTC,Travel,UPI,Delhi,11,Monday,No,No,No,No,0,
TXN500057,ACC443856,2023-10-29 23:24:00,1928.33,Myntra,Apparel,UPI,Chennai,23,Sunday,No,No,No,No,0,
TXN500058,ACC674251,2023-12-20 00:54:00,8623.79,Spotify,Subscription,UPI,Pune,0,Wednesday,No,No,No,No,0,
TXN500059,ACC894139,2023-09-11 12:07:00,25003.65,IntlCharge_8827,International,Card-Not-Present,New York,12,Monday,Yes,No,Yes,Yes,1,Location anomaly
TXN500060,ACC195359,2023-03-09 12:55:00,1158.34,Spotify,Subscription,UPI,Mumbai,12,Thursday,No,No,No,No,0,
TXN500061,ACC185847,2023-04-21 01:59:00,47435.62,UnknownMerchant_XYZ,Unknown,UPI,Unknown,1,Friday,Yes,No,Yes,Yes,1,Off-hours
TXN500062,ACC793939,2023-12-26 12:05:00,1251.29,Ola Cabs,Transport,UPI,Bangalore,12,Tuesday,No,No,No,No,0,
TXN500063,ACC590755,2023-06-08 22:27:00,1909.18,Uber,Transport,UPI,Ahmedabad,22,Thursday,No,No,No,No,0,
TXN500064,ACC315379,2023-12-08 23:42:00,2147.56,Uber,Transport,UPI,Hyderabad,23,Friday,No,No,No,No,0,
TXN500065,ACC724756,2023-03-27 11:08:00,1573.19,Uber,Transport,Net Banking,Hyderabad,11,Monday,No,No,No,No,0,
TXN500066,ACC628705,2023-05-15 22:36:00,937.64,Ola Cabs,Transport,Debit Card,Hyderabad,22,Monday,No,No,No,No,0,
TXN500067,ACC807160,2023-10-21 21:46:00,1042.21,Swiggy,Food Delivery,Net Banking,Mumbai,21,Saturday,No,No,No,No,0,
TXN500068,ACC346961,2023-04-02 01:35:00,6183.43,Netflix,Subscription,Credit Card,Hyderabad,1,Sunday,No,No,No,No,0,
TXN500069,ACC805200,2023-07-10 03:32:00,14758.38,Ola Cabs,Transport,Net Banking,Delhi,3,Monday,No,No,No,No,0,
TXN500070,ACC851742,2023-06-17 02:35:00,441.31,PhonePe Wallet,Wallet,Credit Card,Ahmedabad,2,Saturday,No,No,No,No,0,
TXN500071,ACC133782,2023-04-11 23:57:00,528.0,Paytm Mall,E-commerce,UPI,Hyderabad,23,Tuesday,No,No,No,No,0,
TXN500072,ACC139110,2023-06-21 00:48:00,1489.26,Ola Cabs,Transport,Net Banking,Kolkata,0,Wednesday,No,No,No,No,0,
TXN500073,ACC360096,2023-12-31 08:05:00,1063.53,Amazon,E-commerce,UPI,Ahmedabad,8,Sunday,No,No,No,No,0,
TXN500074,ACC453487,2023-09-16 04:40:00,3787.71,AbroadMerchant_TK,International,Card-Not-Present,New York,4,Saturday,Yes,Yes,Yes,No,1,Velocity breach
TXN500075,ACC925618,2023-06-11 12:44:00,670.21,Spotify,Subscription,UPI,Bangalore,12,Sunday,No,No,No,No,0,
TXN500076,ACC302544,2023-03-26 14:29:00,20354.9,CryptoExch_Anon,Crypto,UPI,New York,14,Sunday,Yes,Yes,Yes,Yes,1,High amount
TXN500077,ACC651033,2023-03-03 02:10:00,1408.91,Netflix,Subscription,UPI,Bangalore,2,Friday,No,No,No,No,0,
TXN500078,ACC366817,2023-07-22 16:03:00,14377.26,Ola Cabs,Transport,UPI,Chennai,16,Saturday,No,No,No,No,0,
TXN500079,ACC439320,2023-03-04 00:03:00,1572.87,Spotify,Subscription,UPI,Pune,0,Saturday,No,No,No,No,0,
TXN500080,ACC590755,2023-04-12 20:28:00,4644.24,IntlCharge_8827,International,Card-Not-Present,Singapore,20,Wednesday,Yes,Yes,Yes,No,1,High amount
TXN500081,ACC958136,2023-08-10 23:25:00,1522.61,AbroadMerchant_TK,International,NEFT,Kuala Lumpur,23,Thursday,Yes,Yes,Yes,No,1,Unknown merchant
TXN500082,ACC421709,2023-05-21 08:28:00,10414.62,MakeMyTrip,Travel,UPI,Kolkata,8,Sunday,No,No,No,No,0,
TXN500083,ACC853504,2023-05-24 12:08:00,438.94,Zomato,Food Delivery,UPI,Kolkata,12,Wednesday,No,No,No,No,0,
TXN500084,ACC891030,2023-09-06 11:58:00,807.34,Flipkart,E-commerce,Credit Card,Mumbai,11,Wednesday,No,No,No,No,0,
TXN500085,ACC963355,2023-09-29 11:49:00,49979.31,TempStore_7721,Unknown,Card-Not-Present,London,11,Friday,Yes,Yes,Yes,Yes,1,Velocity breach
TXN500086,ACC649787,2023-04-23 18:54:00,1873.65,Netflix,Subscription,UPI,Hyderabad,18,Sunday,No,No,No,No,0,
TXN500087,ACC295361,2023-12-27 22:22:00,14844.08,Flipkart,E-commerce,Debit Card,Pune,22,Wednesday,No,No,No,No,0,
TXN500088,ACC114768,2023-01-29 07:38:00,982.08,IRCTC,Travel,UPI,Hyderabad,7,Sunday,No,No,No,No,0,
TXN500089,ACC947975,2023-01-31 00:09:00,266.3,Flipkart,E-commerce,Credit Card,Delhi,0,Tuesday,No,No,No,No,0,
TXN500090,ACC906325,2023-10-28 03:21:00,7679.29,BookMyShow,Entertainment,Debit Card,Hyderabad,3,Saturday,No,No,No,No,0,
TXN500091,ACC704095,2023-12-22 19:50:00,391.94,Myntra,Apparel,Debit Card,Bangalore,19,Friday,No,No,No,No,0,
TXN500092,ACC958136,2023-07-20 18:02:00,1224.66,BigBasket,Grocery,Debit Card,Ahmedabad,18,Thursday,No,No,No,No,0,
TXN500093,ACC270387,2023-05-02 11:20:00,1652.24,BigBasket,Grocery,UPI,Ahmedabad,11,Tuesday,No,No,No,No,0,
TXN500094,ACC329021,2023-12-21 02:22:00,7696.86,BookMyShow,Entertainment,Net Banking,Bangalore,2,Thursday,No,No,No,No,0,
TXN500095,ACC166857,2023-06-29 17:24:00,1588.02,Swiggy,Food Delivery,Net Banking,Bangalore,17,Thursday,No,No,No,No,0,
TXN500096,ACC139286,2023-05-31 00:20:00,47584.57,CryptoExch_Anon,Crypto,UPI,Dubai,0,Wednesday,Yes,Yes,Yes,Yes,1,High amount
TXN500097,ACC446747,2023-10-08 02:21:00,1791.79,Flipkart,E-commerce,Debit Card,Kolkata,2,Sunday,No,No,No,No,0,
TXN500098,ACC638179,2023-04-16 06:26:00,27727.36,VPN_Service_Anon,Digital,UPI,Kuala Lumpur,6,Sunday,Yes,No,Yes,Yes,1,Unknown merchant
TXN500099,ACC929179,2023-01-26 12:36:00,753.62,Paytm Mall,E-commerce,Debit Card,Ahmedabad,12,Thursday,No,No,No,No,0,
TXN500100,ACC769737,2023-03-29 20:18:00,23704.38,UnknownMerchant_XYZ,Unknown,UPI,Dubai,20,Wednesday,Yes,Yes,Yes,Yes,1,High amount
TXN500101,ACC651033,2023-02-16 20:34:00,770.33,Zomato,Food Delivery,Net Banking,Ahmedabad,20,Thursday,No,No,No,No,0,
TXN500102,ACC653829,2023-10-16 01:09:00,12506.34,Netflix,Subscription,UPI,Chennai,1,Monday,No,No,No,No,0,
TXN500103,ACC133276,2023-09-25 13:34:00,43350.49,VPN_Service_Anon,Digital,ATM,Unknown,13,Monday,Yes,Yes,Yes,Yes,1,Unknown merchant
TXN500104,ACC139286,2023-09-15 18:57:00,40031.69,TempStore_7721,Unknown,ATM,Kuala Lumpur,18,Friday,Yes,Yes,Yes,Yes,1,High amount
TXN500105,ACC111991,2023-04-19 06:08:00,1977.15,Amazon,E-commerce,Credit Card,Pune,6,Wednesday,No,No,No,No,0,
TXN500106,ACC386090,2023-02-14 12:35:00,1126.51,Zomato,Food Delivery,UPI,Kolkata,12,Tuesday,No,No,No,No,0,
TXN500107,ACC502206,2023-10-18 18:37:00,255.99,Netflix,Subscription,Net Banking,Hyderabad,18,Wednesday,No,No,No,No,0,
TXN500108,ACC297636,2023-10-20 19:30:00,10850.57,Amazon,E-commerce,Net Banking,Mumbai,19,Friday,No,No,No,No,0,
TXN500109,ACC638179,2023-12-20 07:03:00,776.26,Uber,Transport,Credit Card,Pune,7,Wednesday,No,No,No,No,0,
TXN500110,ACC409355,2023-04-27 04:19:00,914.07,Uber,Transport,Net Banking,Chennai,4,Thursday,No,No,No,No,0,
TXN500111,ACC540781,2023-09-06 16:55:00,6044.6,Myntra,Apparel,UPI,Bangalore,16,Wednesday,No,No,No,No,0,
TXN500112,ACC295361,2023-03-30 06:56:00,114.49,Spotify,Subscription,Credit Card,Chennai,6,Thursday,No,No,No,No,0,
TXN500113,ACC670892,2023-09-16 12:40:00,109.6,MakeMyTrip,Travel,UPI,Ahmedabad,12,Saturday,No,No,No,No,0,
TXN500114,ACC805448,2023-03-25 08:47:00,605.89,Spotify,Subscription,UPI,Chennai,8,Saturday,No,No,No,No,0,
TXN500115,ACC769737,2023-05-18 20:26:00,1571.59,Paytm Mall,E-commerce,UPI,Bangalore,20,Thursday,No,No,No,No,0,
TXN500116,ACC577079,2023-05-10 19:51:00,586.99,BookMyShow,Entertainment,Credit Card,Ahmedabad,19,Wednesday,No,No,No,No,0,
TXN500117,ACC645617,2023-12-13 16:52:00,1047.45,Flipkart,E-commerce,Credit Card,Pune,16,Wednesday,No,No,No,No,0,
TXN500118,ACC262656,2023-02-02 10:17:00,1329.43,Ola Cabs,Transport,Debit Card,Chennai,10,Thursday,No,No,No,No,0,
TXN500119,ACC663628,2023-01-30 19:25:00,99.64,Ola Cabs,Transport,Net Banking,Pune,19,Monday,No,No,No,No,0,
TXN500120,ACC109717,2023-10-26 22:36:00,8950.26,Spotify,Subscription,UPI,Hyderabad,22,Thursday,No,No,No,No,0,
TXN500121,ACC785436,2023-12-03 17:11:00,299.49,BookMyShow,Entertainment,UPI,Hyderabad,17,Sunday,No,No,No,No,0,
TXN500122,ACC515182,2023-04-25 23:55:00,21052.18,CryptoExch_Anon,Crypto,UPI,Singapore,23,Tuesday,Yes,Yes,Yes,Yes,1,Off-hours
TXN500123,ACC967161,2023-08-29 01:55:00,1187.97,Ola Cabs,Transport,UPI,Kolkata,1,Tuesday,No,No,No,No,0,
TXN500124,ACC669691,2023-03-19 04:12:00,1817.91,Myntra,Apparel,UPI,Bangalore,4,Sunday,No,No,No,No,0,
TXN500125,ACC347781,2023-06-10 20:03:00,458.3,Amazon,E-commerce,UPI,Ahmedabad,20,Saturday,No,No,No,No,0,
TXN500126,ACC287143,2023-11-21 13:25:00,123.56,Zomato,Food Delivery,Credit Card,Mumbai,13,Tuesday,No,No,No,No,0,
TXN500127,ACC876513,2023-04-08 00:43:00,535.21,Amazon,E-commerce,Net Banking,Delhi,0,Saturday,No,No,No,No,0,
TXN500128,ACC221886,2023-03-27 02:52:00,1469.27,Amazon,E-commerce,UPI,Kolkata,2,Monday,No,No,No,No,0,
TXN500129,ACC584838,2023-09-08 11:48:00,1818.44,IRCTC,Travel,Debit Card,Bangalore,11,Friday,No,No,No,No,0,
TXN500130,ACC116405,2023-03-28 03:23:00,1318.55,Uber,Transport,UPI,Mumbai,3,Tuesday,No,No,No,No,0,
TXN500131,ACC976822,2023-01-25 22:07:00,22243.05,AbroadMerchant_TK,International,UPI,Dubai,22,Wednesday,Yes,Yes,Yes,Yes,1,Velocity breach
TXN500132,ACC139110,2023-06-04 13:42:00,1341.84,Swiggy,Food Delivery,Credit Card,Delhi,13,Sunday,No,No,No,No,0,
TXN500133,ACC302544,2023-09-12 06:38:00,38908.27,IntlCharge_8827,International,ATM,New York,6,Tuesday,Yes,Yes,Yes,Yes,1,High amount
TXN500134,ACC695551,2023-10-08 15:58:00,1392.0,IRCTC,Travel,UPI,Delhi,15,Sunday,No,No,No,No,0,
TXN500135,ACC346961,2023-02-16 16:04:00,1306.46,Uber,Transport,Net Banking,Pune,16,Thursday,No,No,No,No,0,
TXN500136,ACC826420,2023-01-21 09:23:00,15669.41,VPN_Service_Anon,Digital,Card-Not-Present,Kuala Lumpur,9,Saturday,Yes,Yes,Yes,No,1,Location anomaly
TXN500137,ACC600646,2023-12-06 20:10:00,17908.14,CryptoExch_Anon,Crypto,UPI,Unknown,20,Wednesday,Yes,No,Yes,No,1,Location anomaly
TXN500138,ACC584838,2023-04-04 03:25:00,13058.73,Zomato,Food Delivery,UPI,Bangalore,3,Tuesday,No,No,No,No,0,
TXN500139,ACC240718,2023-03-23 03:26:00,4356.39,MakeMyTrip,Travel,UPI,Hyderabad,3,Thursday,No,No,No,No,0,
TXN500140,ACC801765,2023-09-05 15:07:00,22061.92,AbroadMerchant_TK,International,UPI,Dubai,15,Tuesday,Yes,No,Yes,Yes,1,Unknown merchant
TXN500141,ACC837449,2023-10-23 23:36:00,48894.91,IntlCharge_8827,International,UPI,Kuala Lumpur,23,Monday,Yes,No,Yes,Yes,1,Off-hours
TXN500142,ACC453487,2023-08-10 21:46:00,989.76,IRCTC,Travel,UPI,Mumbai,21,Thursday,No,No,No,No,0,
TXN500143,ACC116405,2023-08-29 15:55:00,195.99,BigBasket,Grocery,UPI,Chennai,15,Tuesday,No,No,No,No,0,
TXN500144,ACC864715,2023-05-01 02:29:00,1612.46,PhonePe Wallet,Wallet,UPI,Ahmedabad,2,Monday,No,No,No,No,0,
TXN500145,ACC807160,2023-07-26 13:02:00,1593.98,Paytm Mall,E-commerce,UPI,Chennai,13,Wednesday,No,No,No,No,0,
TXN500146,ACC685941,2023-07-06 01:52:00,1546.46,IRCTC,Travel,UPI,Ahmedabad,1,Thursday,No,No,No,No,0,
TXN500147,ACC260626,2023-01-02 10:22:00,48222.5,VPN_Service_Anon,Digital,UPI,Singapore,10,Monday,Yes,No,Yes,Yes,1,Location anomaly
TXN500148,ACC700705,2023-09-10 04:52:00,37137.68,VPN_Service_Anon,Digital,Card-Not-Present,Unknown,4,Sunday,Yes,Yes,Yes,Yes,1,Off-hours
TXN500149,ACC548479,2023-07-21 06:29:00,1573.77,Spotify,Subscription,Net Banking,Ahmedabad,6,Friday,No,No,No,No,0,
TXN500150,ACC116405,2023-03-10 15:00:00,1128.79,Paytm Mall,E-commerce,UPI,Bangalore,15,Friday,No,No,No,No,0,
TXN500151,ACC894068,2023-07-18 21:38:00,1033.01,Flipkart,E-commerce,Net Banking,Pune,21,Tuesday,No,No,No,No,0,
TXN500152,ACC257131,2023-08-20 04:08:00,1048.97,Zomato,Food Delivery,Debit Card,Chennai,4,Sunday,No,No,No,No,0,
TXN500153,ACC700521,2023-12-18 11:58:00,1951.6,Ola Cabs,Transport,Credit Card,Delhi,11,Monday,No,No,No,No,0,
TXN500154,ACC792282,2023-10-20 21:45:00,13407.2,Zomato,Food Delivery,UPI,Mumbai,21,Friday,No,No,No,No,0,
TXN500155,ACC163182,2023-03-16 01:42:00,10034.93,UnknownMerchant_XYZ,Unknown,UPI,London,1,Thursday,Yes,No,Yes,No,1,Unknown merchant
TXN500156,ACC992400,2023-12-20 09:13:00,749.43,Netflix,Subscription,Debit Card,Kolkata,9,Wednesday,No,No,No,No,0,
TXN500157,ACC311976,2023-12-21 21:03:00,794.09,MakeMyTrip,Travel,UPI,Mumbai,21,Thursday,No,No,No,No,0,
TXN500158,ACC233533,2023-04-26 20:45:00,1522.46,Uber,Transport,Net Banking,Pune,20,Wednesday,No,No,No,No,0,
TXN500159,ACC446747,2023-04-06 05:47:00,129.24,Paytm Mall,E-commerce,UPI,Pune,5,Thursday,No,No,No,No,0,
TXN500160,ACC379963,2023-01-21 04:59:00,1269.46,Myntra,Apparel,UPI,Ahmedabad,4,Saturday,No,No,No,No,0,
TXN500161,ACC218118,2023-12-29 10:33:00,4071.82,IRCTC,Travel,Credit Card,Delhi,10,Friday,No,No,No,No,0,
TXN500162,ACC331577,2023-12-06 10:21:00,622.47,Myntra,Apparel,UPI,Delhi,10,Wednesday,No,No,No,No,0,
TXN500163,ACC663628,2023-11-25 19:58:00,525.46,Flipkart,E-commerce,Credit Card,Kolkata,19,Saturday,No,No,No,No,0,
TXN500164,ACC969032,2023-01-13 16:52:00,1615.49,Netflix,Subscription,UPI,Hyderabad,16,Friday,No,No,No,No,0,
TXN500165,ACC929179,2023-03-27 17:34:00,31364.68,UnknownMerchant_XYZ,Unknown,ATM,London,17,Monday,Yes,No,Yes,Yes,1,High amount
TXN500166,ACC769737,2023-10-03 22:56:00,1310.79,Uber,Transport,Net Banking,Mumbai,22,Tuesday,No,No,No,No,0,
TXN500167,ACC412886,2023-02-14 02:03:00,1171.18,BigBasket,Grocery,Net Banking,Kolkata,2,Tuesday,No,No,No,No,0,
TXN500168,ACC777255,2023-08-10 10:01:00,1362.93,Zomato,Food Delivery,Credit Card,Delhi,10,Thursday,No,No,No,No,0,
TXN500169,ACC302544,2023-05-29 21:19:00,218.69,Flipkart,E-commerce,Debit Card,Ahmedabad,21,Monday,No,No,No,No,0,
TXN500170,ACC247442,2023-07-20 17:18:00,1832.63,Ola Cabs,Transport,UPI,Mumbai,17,Thursday,No,No,No,No,0,
TXN500171,ACC360096,2023-03-05 01:00:00,1896.61,Flipkart,E-commerce,Net Banking,Chennai,1,Sunday,No,No,No,No,0,
TXN500172,ACC205797,2023-03-14 05:11:00,1252.93,IRCTC,Travel,UPI,Ahmedabad,5,Tuesday,No,No,No,No,0,
TXN500173,ACC700521,2023-12-10 02:16:00,1182.16,Swiggy,Food Delivery,Credit Card,Delhi,2,Sunday,No,No,No,No,0,
TXN500174,ACC626930,2023-06-12 15:28:00,1189.13,Myntra,Apparel,Net Banking,Hyderabad,15,Monday,No,No,No,No,0,
TXN500175,ACC711474,2023-05-07 07:45:00,751.0,Uber,Transport,Net Banking,Ahmedabad,7,Sunday,No,No,No,No,0,
TXN500176,ACC221886,2023-09-07 17:06:00,209.85,BigBasket,Grocery,UPI,Pune,17,Thursday,No,No,No,No,0,
TXN500177,ACC270387,2023-02-08 00:54:00,1634.65,Paytm Mall,E-commerce,UPI,Mumbai,0,Wednesday,No,No,No,No,0,
TXN500178,ACC665979,2023-08-30 20:49:00,1555.68,BigBasket,Grocery,Net Banking,Bangalore,20,Wednesday,No,No,No,No,0,
TXN500179,ACC114768,2023-07-23 11:32:00,1703.56,Amazon,E-commerce,Net Banking,Bangalore,11,Sunday,No,No,No,No,0,
TXN500180,ACC705526,2023-10-17 21:55:00,4844.65,BigBasket,Grocery,UPI,Chennai,21,Tuesday,No,No,No,No,0,
TXN500181,ACC836038,2023-01-22 21:13:00,1820.07,Paytm Mall,E-commerce,UPI,Mumbai,21,Sunday,No,No,No,No,0,
TXN500182,ACC726822,2023-11-21 08:53:00,389.01,Uber,Transport,UPI,Delhi,8,Tuesday,No,No,No,No,0,
TXN500183,ACC577079,2023-09-22 12:22:00,999.38,Spotify,Subscription,Debit Card,Ahmedabad,12,Friday,No,No,No,No,0,
TXN500184,ACC722795,2023-11-26 08:13:00,756.33,BigBasket,Grocery,Credit Card,Kolkata,8,Sunday,No,No,No,No,0,
TXN500185,ACC262656,2023-12-12 15:30:00,1312.16,IRCTC,Travel,Debit Card,Bangalore,15,Tuesday,No,No,No,No,0,
TXN500186,ACC695551,2023-10-21 04:03:00,553.61,BigBasket,Grocery,UPI,Pune,4,Saturday,No,No,No,No,0,
TXN500187,ACC963355,2023-09-04 05:14:00,1186.16,Spotify,Subscription,UPI,Bangalore,5,Monday,No,No,No,No,0,
TXN500188,ACC123839,2023-11-02 18:04:00,8795.25,IRCTC,Travel,UPI,Bangalore,18,Thursday,No,No,No,No,0,
TXN500189,ACC359535,2023-11-11 19:02:00,25190.79,TempStore_7721,Unknown,Card-Not-Present,Dubai,19,Saturday,Yes,Yes,Yes,Yes,1,Velocity breach
TXN500190,ACC665979,2023-01-01 21:41:00,772.24,Zomato,Food Delivery,Net Banking,Ahmedabad,21,Sunday,No,No,No,No,0,
TXN500191,ACC436241,2023-02-20 13:08:00,5682.47,BookMyShow,Entertainment,Debit Card,Pune,13,Monday,No,No,No,No,0,
TXN500192,ACC991638,2023-10-23 16:07:00,409.34,TempStore_7721,Unknown,ATM,Kuala Lumpur,16,Monday,Yes,No,Yes,No,1,Unknown merchant
TXN500193,ACC302544,2023-03-21 13:41:00,875.95,Flipkart,E-commerce,Debit Card,Kolkata,13,Tuesday,No,No,No,No,0,
TXN500194,ACC955413,2023-09-05 05:23:00,6476.63,Paytm Mall,E-commerce,UPI,Bangalore,5,Tuesday,No,No,No,No,0,
TXN500195,ACC491774,2023-08-17 22:10:00,10761.97,UnknownMerchant_XYZ,Unknown,UPI,Unknown,22,Thursday,Yes,No,Yes,No,1,Off-hours
TXN500196,ACC772464,2023-03-24 12:40:00,1618.52,Amazon,E-commerce,Credit Card,Delhi,12,Friday,No,No,No,No,0,
TXN500197,ACC866634,2023-11-08 01:46:00,1864.84,Zomato,Food Delivery,UPI,Bangalore,1,Wednesday,No,No,No,No,0,
TXN500198,ACC283568,2023-04-14 21:59:00,429.76,Netflix,Subscription,UPI,Bangalore,21,Friday,No,No,No,No,0,
TXN500199,ACC894139,2023-12-02 00:10:00,49840.02,UnknownMerchant_XYZ,Unknown,UPI,Unknown,0,Saturday,Yes,No,Yes,Yes,1,High amount
TXN500200,ACC426084,2023-09-23 00:47:00,604.76,Uber,Transport,Credit Card,Hyderabad,0,Saturday,No,No,No,No,0,
TXN500201,ACC626930,2023-08-21 12:36:00,257.61,Amazon,E-commerce,UPI,Hyderabad,12,Monday,No,No,No,No,0,
TXN500202,ACC891401,2023-10-03 18:16:00,993.08,Uber,Transport,UPI,Ahmedabad,18,Tuesday,No,No,No,No,0,
TXN500203,ACC295361,2023-09-04 03:16:00,479.75,Swiggy,Food Delivery,Credit Card,Kolkata,3,Monday,No,No,No,No,0,
TXN500204,ACC139110,2023-12-25 08:15:00,1363.71,BookMyShow,Entertainment,Credit Card,Ahmedabad,8,Monday,No,No,No,No,0,
TXN500205,ACC958136,2023-05-18 05:47:00,420.83,Ola Cabs,Transport,Debit Card,Pune,5,Thursday,No,No,No,No,0,
TXN500206,ACC329021,2023-11-13 11:09:00,258.04,Netflix,Subscription,Net Banking,Mumbai,11,Monday,No,No,No,No,0,
TXN500207,ACC612573,2023-09-10 18:55:00,1969.57,BookMyShow,Entertainment,UPI,Bangalore,18,Sunday,No,No,No,No,0,
TXN500208,ACC793939,2023-09-02 17:02:00,727.21,Paytm Mall,E-commerce,Credit Card,Ahmedabad,17,Saturday,No,No,No,No,0,
TXN500209,ACC538184,2023-12-12 06:24:00,1730.59,Flipkart,E-commerce,Credit Card,Chennai,6,Tuesday,No,No,No,No,0,
TXN500210,ACC584838,2023-07-07 05:31:00,776.0,Zomato,Food Delivery,Debit Card,Ahmedabad,5,Friday,No,No,No,No,0,
TXN500211,ACC436241,2023-12-18 07:52:00,1617.97,Swiggy,Food Delivery,UPI,Bangalore,7,Monday,No,No,No,No,0,
TXN500212,ACC139110,2023-04-01 13:31:00,11367.28,BigBasket,Grocery,Credit Card,Pune,13,Saturday,No,No,No,No,0,
TXN500213,ACC726962,2023-01-25 12:06:00,368.52,Uber,Transport,UPI,Ahmedabad,12,Wednesday,No,No,No,No,0,
TXN500214,ACC103161,2023-07-04 17:35:00,721.07,MakeMyTrip,Travel,Credit Card,Bangalore,17,Tuesday,No,No,No,No,0,
TXN500215,ACC170559,2023-09-07 23:28:00,1246.64,MakeMyTrip,Travel,Net Banking,Hyderabad,23,Thursday,No,No,No,No,0,
TXN500216,ACC805200,2023-07-27 02:05:00,11235.64,BigBasket,Grocery,Net Banking,Pune,2,Thursday,No,No,No,No,0,
TXN500217,ACC882032,2023-10-28 16:28:00,293.83,Zomato,Food Delivery,Debit Card,Delhi,16,Saturday,No,No,No,No,0,
TXN500218,ACC807160,2023-02-18 02:59:00,972.71,MakeMyTrip,Travel,Credit Card,Delhi,2,Saturday,No,No,No,No,0,
TXN500219,ACC369761,2023-12-02 12:19:00,604.14,IRCTC,Travel,UPI,Mumbai,12,Saturday,No,No,No,No,0,
TXN500220,ACC158338,2023-09-01 14:55:00,1119.66,Paytm Mall,E-commerce,UPI,Ahmedabad,14,Friday,No,No,No,No,0,
TXN500221,ACC434394,2023-08-11 16:40:00,1090.88,Ola Cabs,Transport,Credit Card,Ahmedabad,16,Friday,No,No,No,No,0,
TXN500222,ACC925618,2023-03-21 09:00:00,1070.47,Amazon,E-commerce,Net Banking,Ahmedabad,9,Tuesday,No,No,No,No,0,
TXN500223,ACC464663,2023-05-30 19:14:00,9287.21,Netflix,Subscription,Debit Card,Chennai,19,Tuesday,No,No,No,No,0,
TXN500224,ACC401036,2023-07-13 07:16:00,1540.85,Swiggy,Food Delivery,UPI,Pune,7,Thursday,No,No,No,No,0,
TXN500225,ACC653829,2023-07-31 06:54:00,1291.94,Swiggy,Food Delivery,Debit Card,Ahmedabad,6,Monday,No,No,No,No,0,
TXN500226,ACC568436,2023-01-26 17:01:00,1946.05,BigBasket,Grocery,UPI,Chennai,17,Thursday,No,No,No,No,0,
TXN500227,ACC133782,2023-04-22 10:26:00,1582.16,BookMyShow,Entertainment,UPI,Hyderabad,10,Saturday,No,No,No,No,0,
TXN500228,ACC373453,2023-01-29 08:49:00,12940.01,Zomato,Food Delivery,UPI,Mumbai,8,Sunday,No,No,No,No,0,
TXN500229,ACC329021,2023-07-17 14:15:00,438.4,Uber,Transport,Net Banking,Ahmedabad,14,Monday,No,No,No,No,0,
TXN500230,ACC851742,2023-06-15 05:40:00,1065.81,Uber,Transport,Credit Card,Chennai,5,Thursday,No,No,No,No,0,
TXN500231,ACC240057,2023-02-27 07:40:00,376.35,Zomato,Food Delivery,UPI,Mumbai,7,Monday,No,No,No,No,0,
TXN500232,ACC359535,2023-12-19 19:09:00,1024.84,Myntra,Apparel,UPI,Mumbai,19,Tuesday,No,No,No,No,0,
TXN500233,ACC890371,2023-12-26 17:50:00,1964.27,Swiggy,Food Delivery,UPI,Ahmedabad,17,Tuesday,No,No,No,No,0,
TXN500234,ACC166857,2023-07-03 23:08:00,5831.29,BookMyShow,Entertainment,UPI,Chennai,23,Monday,No,No,No,No,0,
TXN500235,ACC423139,2023-06-15 23:29:00,1217.43,BookMyShow,Entertainment,Credit Card,Ahmedabad,23,Thursday,No,No,No,No,0,
TXN500236,ACC327823,2023-07-07 14:00:00,411.79,Netflix,Subscription,Credit Card,Chennai,14,Friday,No,No,No,No,0,
TXN500237,ACC345722,2023-07-18 06:33:00,1245.43,Ola Cabs,Transport,UPI,Delhi,6,Tuesday,No,No,No,No,0,
TXN500238,ACC386090,2023-01-23 04:11:00,2413.62,Spotify,Subscription,UPI,Ahmedabad,4,Monday,No,No,No,No,0,
TXN500239,ACC891401,2023-01-26 11:14:00,1449.8,Flipkart,E-commerce,UPI,Ahmedabad,11,Thursday,No,No,No,No,0,
TXN500240,ACC955413,2023-08-01 11:50:00,2962.03,VPN_Service_Anon,Digital,UPI,New York,11,Tuesday,Yes,No,Yes,No,1,Location anomaly
TXN500241,ACC563303,2023-02-09 06:33:00,500.49,Swiggy,Food Delivery,UPI,Bangalore,6,Thursday,No,No,No,No,0,
TXN500242,ACC495833,2023-02-24 20:36:00,1419.97,Myntra,Apparel,UPI,Kolkata,20,Friday,No,No,No,No,0,
TXN500243,ACC445637,2023-10-01 19:28:00,1983.35,MakeMyTrip,Travel,UPI,Kolkata,19,Sunday,No,No,No,No,0,
TXN500244,ACC947975,2023-11-08 07:36:00,5303.16,Paytm Mall,E-commerce,Net Banking,Ahmedabad,7,Wednesday,No,No,No,No,0,
TXN500245,ACC139286,2023-05-26 19:01:00,6797.4,TempStore_7721,Unknown,Card-Not-Present,Singapore,19,Friday,Yes,Yes,Yes,No,1,Velocity breach
TXN500246,ACC612573,2023-01-12 22:52:00,1842.27,BookMyShow,Entertainment,Net Banking,Mumbai,22,Thursday,No,No,No,No,0,
TXN500247,ACC600646,2023-05-16 11:56:00,549.68,Flipkart,E-commerce,UPI,Delhi,11,Tuesday,No,No,No,No,0,
TXN500248,ACC389039,2023-03-30 15:52:00,1819.93,MakeMyTrip,Travel,UPI,Mumbai,15,Thursday,No,No,No,No,0,
TXN500249,ACC163182,2023-02-10 01:58:00,702.06,Netflix,Subscription,UPI,Chennai,1,Friday,No,No,No,No,0,
TXN500250,ACC283568,2023-11-21 20:24:00,130.31,Amazon,E-commerce,UPI,Bangalore,20,Tuesday,No,No,No,No,0,
TXN500251,ACC288724,2023-08-17 19:36:00,1583.42,Paytm Mall,E-commerce,Net Banking,Delhi,19,Thursday,No,No,No,No,0,
TXN500252,ACC576419,2023-10-08 12:16:00,11906.43,Swiggy,Food Delivery,Net Banking,Chennai,12,Sunday,No,No,No,No,0,
TXN500253,ACC805200,2023-04-11 17:39:00,1072.28,Uber,Transport,UPI,Delhi,17,Tuesday,No,No,No,No,0,
TXN500254,ACC706403,2023-06-28 06:20:00,14839.47,Myntra,Apparel,Net Banking,Bangalore,6,Wednesday,No,No,No,No,0,
TXN500255,ACC836038,2023-04-13 21:23:00,37898.04,IntlCharge_8827,International,Card-Not-Present,Dubai,21,Thursday,Yes,No,Yes,Yes,1,Location anomaly
TXN500256,ACC502206,2023-05-28 00:21:00,644.98,Uber,Transport,UPI,Chennai,0,Sunday,No,No,No,No,0,
TXN500257,ACC724756,2023-10-08 15:39:00,1984.99,Uber,Transport,Debit Card,Pune,15,Sunday,No,No,No,No,0,
TXN500258,ACC426084,2023-12-23 19:17:00,23274.33,UnknownMerchant_XYZ,Unknown,Card-Not-Present,Dubai,19,Saturday,Yes,Yes,Yes,Yes,1,Unknown merchant
TXN500259,ACC103161,2023-02-25 00:18:00,1772.63,Spotify,Subscription,Net Banking,Hyderabad,0,Saturday,No,No,No,No,0,
TXN500260,ACC146385,2023-02-15 05:12:00,1439.31,Paytm Mall,E-commerce,Net Banking,Hyderabad,5,Wednesday,No,No,No,No,0,
TXN500261,ACC445637,2023-01-10 11:43:00,1992.19,Myntra,Apparel,UPI,Mumbai,11,Tuesday,No,No,No,No,0,
TXN500262,ACC133276,2023-01-16 17:17:00,3141.34,IRCTC,Travel,Net Banking,Chennai,17,Monday,No,No,No,No,0,
TXN500263,ACC890371,2023-08-07 09:58:00,1107.36,Flipkart,E-commerce,Credit Card,Bangalore,9,Monday,No,No,No,No,0,
TXN500264,ACC837449,2023-03-11 13:58:00,333.05,Netflix,Subscription,Credit Card,Bangalore,13,Saturday,No,No,No,No,0,
TXN500265,ACC373453,2023-01-16 10:56:00,1503.94,Zomato,Food Delivery,Debit Card,Bangalore,10,Monday,No,No,No,No,0,
TXN500266,ACC588002,2023-01-14 19:39:00,30299.34,CryptoExch_Anon,Crypto,ATM,New York,19,Saturday,Yes,No,Yes,Yes,1,Velocity breach
TXN500267,ACC619447,2023-07-03 02:44:00,1229.19,Netflix,Subscription,Net Banking,Bangalore,2,Monday,No,No,No,No,0,
TXN500268,ACC600646,2023-03-25 06:14:00,1939.19,Amazon,E-commerce,Debit Card,Chennai,6,Saturday,No,No,No,No,0,
TXN500269,ACC512151,2023-11-12 15:44:00,43344.54,CryptoExch_Anon,Crypto,NEFT,London,15,Sunday,Yes,Yes,Yes,Yes,1,Location anomaly
TXN500270,ACC667451,2023-06-10 12:39:00,1165.27,Uber,Transport,Net Banking,Delhi,12,Saturday,No,No,No,No,0,
TXN500271,ACC732063,2023-05-06 16:34:00,1968.47,Zomato,Food Delivery,Credit Card,Chennai,16,Saturday,No,No,No,No,0,
TXN500272,ACC563303,2023-05-27 14:10:00,13747.78,Zomato,Food Delivery,UPI,Ahmedabad,14,Saturday,No,No,No,No,0,
TXN500273,ACC997734,2023-04-03 18:57:00,2323.86,Uber,Transport,Net Banking,Chennai,18,Monday,No,No,No,No,0,
TXN500274,ACC947975,2023-12-21 20:58:00,39833.69,VPN_Service_Anon,Digital,Card-Not-Present,Kuala Lumpur,20,Thursday,Yes,Yes,Yes,Yes,1,Location anomaly
TXN500275,ACC882032,2023-02-13 16:45:00,4078.7,Zomato,Food Delivery,Debit Card,Mumbai,16,Monday,No,No,No,No,0,
TXN500276,ACC705526,2023-12-04 04:10:00,6004.81,Spotify,Subscription,UPI,Pune,4,Monday,No,No,No,No,0,
TXN500277,ACC200018,2023-04-14 00:39:00,543.57,Netflix,Subscription,Debit Card,Ahmedabad,0,Friday,No,No,No,No,0,
TXN500278,ACC359535,2023-08-21 13:28:00,62.82,Swiggy,Food Delivery,Debit Card,Mumbai,13,Monday,No,No,No,No,0,
TXN500279,ACC423139,2023-01-19 04:54:00,1350.64,Amazon,E-commerce,Net Banking,Delhi,4,Thursday,No,No,No,No,0,
TXN500280,ACC710754,2023-12-11 09:39:00,4306.45,Ola Cabs,Transport,UPI,Hyderabad,9,Monday,No,No,No,No,0,
TXN500281,ACC995993,2023-06-15 11:57:00,41021.4,AbroadMerchant_TK,International,Card-Not-Present,Unknown,11,Thursday,Yes,Yes,Yes,Yes,1,High amount
TXN500282,ACC181896,2023-06-18 16:26:00,459.2,Paytm Mall,E-commerce,UPI,Ahmedabad,16,Sunday,No,No,No,No,0,
TXN500283,ACC311976,2023-08-07 19:54:00,14052.37,Myntra,Apparel,Net Banking,Ahmedabad,19,Monday,No,No,No,No,0,
TXN500284,ACC836038,2023-12-29 09:12:00,956.53,Amazon,E-commerce,Net Banking,Kolkata,9,Friday,No,No,No,No,0,
TXN500285,ACC858414,2023-10-14 20:13:00,32048.24,UnknownMerchant_XYZ,Unknown,UPI,Kuala Lumpur,20,Saturday,Yes,Yes,Yes,Yes,1,Location anomaly
TXN500286,ACC352356,2023-10-09 10:49:00,271.98,Amazon,E-commerce,Debit Card,Bangalore,10,Monday,No,No,No,No,0,
TXN500287,ACC160541,2023-12-11 15:58:00,988.92,PhonePe Wallet,Wallet,Net Banking,Ahmedabad,15,Monday,No,No,No,No,0,
TXN500288,ACC649787,2023-09-24 09:36:00,86.5,Uber,Transport,UPI,Hyderabad,9,Sunday,No,No,No,No,0,
TXN500289,ACC164758,2023-01-16 10:24:00,1091.83,Ola Cabs,Transport,UPI,Pune,10,Monday,No,No,No,No,0,
TXN500290,ACC403528,2023-05-20 13:05:00,1667.44,PhonePe Wallet,Wallet,UPI,Bangalore,13,Saturday,No,No,No,No,0,
TXN500291,ACC412886,2023-04-14 02:28:00,4472.75,Paytm Mall,E-commerce,Credit Card,Pune,2,Friday,No,No,No,No,0,
TXN500292,ACC409355,2023-09-22 21:08:00,1462.91,IRCTC,Travel,UPI,Pune,21,Friday,No,No,No,No,0,
TXN500293,ACC853504,2023-06-20 14:56:00,1503.83,Amazon,E-commerce,Credit Card,Chennai,14,Tuesday,No,No,No,No,0,
TXN500294,ACC630041,2023-05-22 17:20:00,910.18,Netflix,Subscription,Debit Card,Delhi,17,Monday,No,No,No,No,0,
TXN500295,ACC246942,2023-06-13 08:09:00,383.99,Uber,Transport,UPI,Ahmedabad,8,Tuesday,No,No,No,No,0,
TXN500296,ACC963355,2023-12-12 01:06:00,9749.58,Zomato,Food Delivery,Credit Card,Hyderabad,1,Tuesday,No,No,No,No,0,
TXN500297,ACC907236,2023-12-10 17:05:00,12567.06,MakeMyTrip,Travel,Net Banking,Delhi,17,Sunday,No,No,No,No,0,
TXN500298,ACC544730,2023-08-29 07:14:00,1830.08,BigBasket,Grocery,Net Banking,Hyderabad,7,Tuesday,No,No,No,No,0,
TXN500299,ACC590755,2023-09-01 03:22:00,383.06,PhonePe Wallet,Wallet,Net Banking,Delhi,3,Friday,No,No,No,No,0,
TXN500300,ACC302544,2023-06-16 17:41:00,1088.85,Swiggy,Food Delivery,Net Banking,Bangalore,17,Friday,No,No,No,No,0,
TXN500301,ACC685941,2023-04-17 22:37:00,898.94,Zomato,Food Delivery,UPI,Bangalore,22,Monday,No,No,No,No,0,
TXN500302,ACC958136,2023-09-07 03:37:00,4290.26,Flipkart,E-commerce,UPI,Delhi,3,Thursday,No,No,No,No,0,
TXN500303,ACC667451,2023-06-17 15:41:00,3120.98,VPN_Service_Anon,Digital,ATM,London,15,Saturday,Yes,No,Yes,No,1,Location anomaly
TXN500304,ACC346961,2023-08-20 17:18:00,451.04,Zomato,Food Delivery,Net Banking,Pune,17,Sunday,No,No,No,No,0,
TXN500305,ACC805448,2023-02-15 18:00:00,298.73,Flipkart,E-commerce,UPI,Mumbai,18,Wednesday,No,No,No,No,0,
TXN500306,ACC956113,2023-02-26 09:55:00,6135.66,Amazon,E-commerce,Net Banking,Kolkata,9,Sunday,No,No,No,No,0,
TXN500307,ACC744481,2023-12-06 05:30:00,799.96,BigBasket,Grocery,UPI,Pune,5,Wednesday,No,No,No,No,0,
TXN500308,ACC283568,2023-02-06 20:01:00,1456.61,BigBasket,Grocery,UPI,Bangalore,20,Monday,No,No,No,No,0,
TXN500309,ACC412856,2023-12-23 19:59:00,12660.93,Zomato,Food Delivery,Debit Card,Hyderabad,19,Saturday,No,No,No,No,0,
TXN500310,ACC991638,2023-10-23 15:54:00,851.13,Uber,Transport,UPI,Mumbai,15,Monday,No,No,No,No,0,
TXN500311,ACC176577,2023-02-27 18:30:00,1076.5,Uber,Transport,UPI,Ahmedabad,18,Monday,No,No,No,No,0,
TXN500312,ACC295243,2023-05-06 15:40:00,33203.0,VPN_Service_Anon,Digital,Card-Not-Present,Kuala Lumpur,15,Saturday,Yes,No,Yes,Yes,1,Off-hours
TXN500313,ACC851742,2023-11-10 01:57:00,935.37,Myntra,Apparel,Credit Card,Kolkata,1,Friday,No,No,No,No,0,
TXN500314,ACC257131,2023-05-29 05:02:00,1849.59,Uber,Transport,UPI,Ahmedabad,5,Monday,No,No,No,No,0,
TXN500315,ACC772464,2023-12-03 09:51:00,210.89,Uber,Transport,Debit Card,Pune,9,Sunday,No,No,No,No,0,
TXN500316,ACC181896,2023-05-12 00:47:00,1490.99,Swiggy,Food Delivery,Credit Card,Bangalore,0,Friday,No,No,No,No,0,
TXN500317,ACC675914,2023-09-06 05:51:00,718.55,Paytm Mall,E-commerce,Net Banking,Ahmedabad,5,Wednesday,No,No,No,No,0,
TXN500318,ACC593699,2023-12-05 14:46:00,1691.57,Ola Cabs,Transport,UPI,Delhi,14,Tuesday,No,No,No,No,0,
TXN500319,ACC903028,2023-09-01 09:30:00,10885.63,Uber,Transport,Credit Card,Ahmedabad,9,Friday,No,No,No,No,0,
TXN500320,ACC287143,2023-01-07 09:59:00,925.2,Netflix,Subscription,UPI,Delhi,9,Saturday,No,No,No,No,0,
TXN500321,ACC224395,2023-11-09 20:54:00,10506.46,BookMyShow,Entertainment,UPI,Ahmedabad,20,Thursday,No,No,No,No,0,
TXN500322,ACC626930,2023-09-24 10:43:00,1986.77,Uber,Transport,Net Banking,Mumbai,10,Sunday,No,No,No,No,0,
TXN500323,ACC894068,2023-12-17 14:22:00,36275.55,IntlCharge_8827,International,ATM,Singapore,14,Sunday,Yes,Yes,Yes,Yes,1,Location anomaly
TXN500324,ACC617904,2023-11-01 21:57:00,472.81,Spotify,Subscription,Net Banking,Bangalore,21,Wednesday,No,No,No,No,0,
TXN500325,ACC705526,2023-04-05 03:44:00,1875.56,BigBasket,Grocery,UPI,Kolkata,3,Wednesday,No,No,No,No,0,
TXN500326,ACC947975,2023-05-12 05:49:00,807.75,Swiggy,Food Delivery,Debit Card,Pune,5,Friday,No,No,No,No,0,
TXN500327,ACC218326,2023-04-13 19:25:00,1308.69,BigBasket,Grocery,UPI,Ahmedabad,19,Thursday,No,No,No,No,0,
TXN500328,ACC139286,2023-02-07 02:36:00,538.66,Uber,Transport,UPI,Mumbai,2,Tuesday,No,No,No,No,0,
TXN500329,ACC568436,2023-12-25 10:57:00,8378.83,Zomato,Food Delivery,UPI,Kolkata,10,Monday,No,No,No,No,0,
TXN500330,ACC302177,2023-10-04 07:00:00,990.03,Zomato,Food Delivery,UPI,Hyderabad,7,Wednesday,No,No,No,No,0,
TXN500331,ACC649787,2023-11-20 20:05:00,206.89,Myntra,Apparel,Debit Card,Chennai,20,Monday,No,No,No,No,0,
TXN500332,ACC172371,2023-12-05 06:19:00,8324.55,Uber,Transport,Debit Card,Chennai,6,Tuesday,No,No,No,No,0,
TXN500333,ACC926236,2023-10-31 07:31:00,3196.42,AbroadMerchant_TK,International,UPI,New York,7,Tuesday,Yes,Yes,Yes,No,1,Off-hours
TXN500334,ACC103642,2023-01-09 01:21:00,4751.82,Amazon,E-commerce,UPI,Bangalore,1,Monday,No,No,No,No,0,
TXN500335,ACC948102,2023-01-19 23:09:00,968.88,PhonePe Wallet,Wallet,Debit Card,Mumbai,23,Thursday,No,No,No,No,0,
TXN500336,ACC813341,2023-02-19 14:39:00,174.72,BigBasket,Grocery,Debit Card,Delhi,14,Sunday,No,No,No,No,0,
TXN500337,ACC772687,2023-06-16 03:43:00,1114.48,Flipkart,E-commerce,Credit Card,Bangalore,3,Friday,No,No,No,No,0,
TXN500338,ACC181896,2023-03-14 13:10:00,18527.5,VPN_Service_Anon,Digital,NEFT,London,13,Tuesday,Yes,Yes,Yes,No,1,Off-hours
TXN500339,ACC695361,2023-11-20 19:24:00,830.72,IntlCharge_8827,International,Card-Not-Present,Unknown,19,Monday,Yes,Yes,Yes,No,1,Location anomaly
TXN500340,ACC295243,2023-12-28 20:37:00,1402.33,MakeMyTrip,Travel,Debit Card,Chennai,20,Thursday,No,No,No,No,0,
TXN500341,ACC804667,2023-08-19 13:15:00,1240.55,BigBasket,Grocery,Credit Card,Pune,13,Saturday,No,No,No,No,0,
TXN500342,ACC955413,2023-05-01 06:07:00,1256.9,Paytm Mall,E-commerce,UPI,Ahmedabad,6,Monday,No,No,No,No,0,
TXN500343,ACC691573,2023-01-28 06:07:00,1695.37,Netflix,Subscription,UPI,Mumbai,6,Saturday,No,No,No,No,0,
TXN500344,ACC674251,2023-04-18 13:16:00,1252.8,Myntra,Apparel,Debit Card,Bangalore,13,Tuesday,No,No,No,No,0,
TXN500345,ACC297636,2023-09-21 03:04:00,1180.54,MakeMyTrip,Travel,UPI,Chennai,3,Thursday,No,No,No,No,0,
TXN500346,ACC409355,2023-05-02 23:26:00,439.91,Spotify,Subscription,Debit Card,Kolkata,23,Tuesday,No,No,No,No,0,
TXN500347,ACC123839,2023-04-02 12:23:00,749.25,BigBasket,Grocery,UPI,Bangalore,12,Sunday,No,No,No,No,0,
TXN500348,ACC240718,2023-05-24 04:07:00,1532.66,Spotify,Subscription,UPI,Bangalore,4,Wednesday,No,No,No,No,0,
TXN500349,ACC785436,2023-10-23 17:54:00,14943.64,IRCTC,Travel,Credit Card,Ahmedabad,17,Monday,No,No,No,No,0,
TXN500350,ACC785280,2023-05-07 07:20:00,28993.8,AbroadMerchant_TK,International,ATM,New York,7,Sunday,Yes,No,Yes,Yes,1,Location anomaly
TXN500351,ACC212512,2023-01-21 15:46:00,1033.22,Netflix,Subscription,Net Banking,Ahmedabad,15,Saturday,No,No,No,No,0,
TXN500352,ACC955413,2023-01-07 22:46:00,1902.37,Zomato,Food Delivery,Net Banking,Mumbai,22,Saturday,No,No,No,No,0,
TXN500353,ACC710754,2023-12-27 14:54:00,12033.86,Flipkart,E-commerce,Credit Card,Bangalore,14,Wednesday,No,No,No,No,0,
TXN500354,ACC661147,2023-11-18 02:24:00,1085.29,MakeMyTrip,Travel,UPI,Delhi,2,Saturday,No,No,No,No,0,
TXN500355,ACC649787,2023-09-21 21:23:00,957.44,MakeMyTrip,Travel,UPI,Bangalore,21,Thursday,No,No,No,No,0,
TXN500356,ACC386090,2023-10-15 22:49:00,703.11,IRCTC,Travel,Credit Card,Chennai,22,Sunday,No,No,No,No,0,
TXN500357,ACC568449,2023-09-15 21:27:00,156.2,BookMyShow,Entertainment,UPI,Ahmedabad,21,Friday,No,No,No,No,0,
TXN500358,ACC146385,2023-05-30 14:39:00,1609.81,Myntra,Apparel,Net Banking,Chennai,14,Tuesday,No,No,No,No,0,
TXN500359,ACC528728,2023-04-02 09:04:00,8279.91,UnknownMerchant_XYZ,Unknown,ATM,Dubai,9,Sunday,Yes,Yes,Yes,No,1,Velocity breach
TXN500360,ACC726822,2023-11-18 00:18:00,6507.1,Zomato,Food Delivery,Credit Card,Mumbai,0,Saturday,No,No,No,No,0,
TXN500361,ACC516278,2023-04-29 16:41:00,6241.98,Myntra,Apparel,Credit Card,Ahmedabad,16,Saturday,No,No,No,No,0,
TXN500362,ACC221886,2023-03-29 08:14:00,1698.75,PhonePe Wallet,Wallet,Debit Card,Ahmedabad,8,Wednesday,No,No,No,No,0,
TXN500363,ACC710754,2023-12-31 17:18:00,1686.7,BigBasket,Grocery,Debit Card,Bangalore,17,Sunday,No,No,No,No,0,
TXN500364,ACC195359,2023-10-22 04:28:00,18514.75,CryptoExch_Anon,Crypto,Card-Not-Present,London,4,Sunday,Yes,No,Yes,No,1,Unknown merchant
TXN500365,ACC502206,2023-07-10 14:34:00,286.91,BigBasket,Grocery,Credit Card,Ahmedabad,14,Monday,No,No,No,No,0,
TXN500366,ACC913761,2023-09-17 10:41:00,1797.16,Uber,Transport,Credit Card,Ahmedabad,10,Sunday,No,No,No,No,0,
TXN500367,ACC462974,2023-01-21 04:43:00,1254.17,Paytm Mall,E-commerce,Credit Card,Delhi,4,Saturday,No,No,No,No,0,
TXN500368,ACC626930,2023-10-26 16:14:00,9825.8,CryptoExch_Anon,Crypto,NEFT,Dubai,16,Thursday,Yes,No,Yes,No,1,Location anomaly
TXN500369,ACC288724,2023-04-10 15:20:00,1889.63,Flipkart,E-commerce,Credit Card,Kolkata,15,Monday,No,No,No,No,0,
TXN500370,ACC538184,2023-05-26 11:22:00,11462.09,BookMyShow,Entertainment,Net Banking,Kolkata,11,Friday,No,No,No,No,0,
TXN500371,ACC665497,2023-08-01 04:53:00,641.3,Flipkart,E-commerce,UPI,Delhi,4,Tuesday,No,No,No,No,0,
TXN500372,ACC295243,2023-01-04 13:40:00,391.04,MakeMyTrip,Travel,Debit Card,Chennai,13,Wednesday,No,No,No,No,0,
TXN500373,ACC700521,2023-10-11 15:02:00,9270.65,Spotify,Subscription,UPI,Chennai,15,Wednesday,No,No,No,No,0,
TXN500374,ACC890371,2023-05-15 09:40:00,292.15,Spotify,Subscription,UPI,Ahmedabad,9,Monday,No,No,No,No,0,
TXN500375,ACC295361,2023-03-03 08:31:00,986.95,Swiggy,Food Delivery,UPI,Ahmedabad,8,Friday,No,No,No,No,0,
TXN500376,ACC461264,2023-09-20 23:36:00,367.55,Amazon,E-commerce,Debit Card,Hyderabad,23,Wednesday,No,No,No,No,0,
TXN500377,ACC103161,2023-08-03 20:58:00,2483.26,CryptoExch_Anon,Crypto,Card-Not-Present,Singapore,20,Thursday,Yes,No,Yes,No,1,Velocity breach
TXN500378,ACC223967,2023-02-18 19:48:00,1662.3,BigBasket,Grocery,UPI,Pune,19,Saturday,No,No,No,No,0,
TXN500379,ACC882032,2023-02-19 17:37:00,6849.18,Myntra,Apparel,Credit Card,Kolkata,17,Sunday,No,No,No,No,0,
TXN500380,ACC857997,2023-02-22 06:09:00,481.17,Paytm Mall,E-commerce,Net Banking,Kolkata,6,Wednesday,No,No,No,No,0,
TXN500381,ACC525187,2023-03-09 00:30:00,1643.23,Myntra,Apparel,UPI,Bangalore,0,Thursday,No,No,No,No,0,
TXN500382,ACC967161,2023-04-24 04:54:00,327.6,Uber,Transport,UPI,Kolkata,4,Monday,No,No,No,No,0,
TXN500383,ACC997734,2023-02-09 00:49:00,1526.8,PhonePe Wallet,Wallet,UPI,Ahmedabad,0,Thursday,No,No,No,No,0,
TXN500384,ACC212512,2023-02-03 09:42:00,1575.62,Amazon,E-commerce,UPI,Bangalore,9,Friday,No,No,No,No,0,
TXN500385,ACC114768,2023-03-16 23:17:00,363.09,Flipkart,E-commerce,UPI,Delhi,23,Thursday,No,No,No,No,0,
TXN500386,ACC978292,2023-09-28 06:45:00,1930.31,IRCTC,Travel,UPI,Chennai,6,Thursday,No,No,No,No,0,
TXN500387,ACC359535,2023-07-07 22:37:00,6612.69,BigBasket,Grocery,Debit Card,Kolkata,22,Friday,No,No,No,No,0,
TXN500388,ACC540781,2023-02-27 10:07:00,265.12,PhonePe Wallet,Wallet,Credit Card,Delhi,10,Monday,No,No,No,No,0,
TXN500389,ACC595002,2023-05-26 14:38:00,915.71,Uber,Transport,Debit Card,Kolkata,14,Friday,No,No,No,No,0,
TXN500390,ACC359535,2023-12-14 11:11:00,1997.51,Amazon,E-commerce,Debit Card,Delhi,11,Thursday,No,No,No,No,0,
TXN500391,ACC807160,2023-03-28 02:23:00,3595.91,IRCTC,Travel,Credit Card,Ahmedabad,2,Tuesday,No,No,No,No,0,
TXN500392,ACC250219,2023-10-31 08:48:00,10666.8,Netflix,Subscription,UPI,Ahmedabad,8,Tuesday,No,No,No,No,0,
TXN500393,ACC123839,2023-02-25 03:16:00,1019.68,PhonePe Wallet,Wallet,Net Banking,Delhi,3,Saturday,No,No,No,No,0,
TXN500394,ACC165142,2023-07-15 19:43:00,2994.72,Myntra,Apparel,Debit Card,Ahmedabad,19,Saturday,No,No,No,No,0,
TXN500395,ACC792267,2023-09-09 16:16:00,720.05,Paytm Mall,E-commerce,UPI,Kolkata,16,Saturday,No,No,No,No,0,
TXN500396,ACC612573,2023-07-12 14:29:00,1135.5,Amazon,E-commerce,Net Banking,Ahmedabad,14,Wednesday,No,No,No,No,0,
TXN500397,ACC401036,2023-09-07 03:36:00,1129.88,Ola Cabs,Transport,Net Banking,Mumbai,3,Thursday,No,No,No,No,0,
TXN500398,ACC166857,2023-11-12 21:22:00,104.89,Netflix,Subscription,UPI,Hyderabad,21,Sunday,No,No,No,No,0,
TXN500399,ACC685941,2023-07-14 03:27:00,853.26,Myntra,Apparel,UPI,Pune,3,Friday,No,No,No,No,0,
TXN500400,ACC590755,2023-06-06 03:21:00,1034.59,IntlCharge_8827,International,Card-Not-Present,Singapore,3,Tuesday,Yes,Yes,Yes,No,1,High amount
TXN500401,ACC815894,2023-05-17 00:44:00,1196.58,PhonePe Wallet,Wallet,UPI,Ahmedabad,0,Wednesday,No,No,No,No,0,
TXN500402,ACC769737,2023-06-22 15:32:00,6723.35,Netflix,Subscription,Net Banking,Chennai,15,Thursday,No,No,No,No,0,
TXN500403,ACC446747,2023-10-02 06:18:00,142.69,BookMyShow,Entertainment,UPI,Delhi,6,Monday,No,No,No,No,0,
TXN500404,ACC386090,2023-10-18 16:30:00,1320.5,Zomato,Food Delivery,UPI,Kolkata,16,Wednesday,No,No,No,No,0,
TXN500405,ACC426084,2023-08-01 12:16:00,1359.54,Flipkart,E-commerce,Debit Card,Ahmedabad,12,Tuesday,No,No,No,No,0,
TXN500406,ACC657772,2023-05-18 20:34:00,1248.12,Netflix,Subscription,Credit Card,Chennai,20,Thursday,No,No,No,No,0,
TXN500407,ACC663628,2023-03-19 23:43:00,635.54,Netflix,Subscription,Net Banking,Chennai,23,Sunday,No,No,No,No,0,
TXN500408,ACC630041,2023-11-27 05:16:00,841.44,Ola Cabs,Transport,Net Banking,Pune,5,Monday,No,No,No,No,0,
TXN500409,ACC663356,2023-08-05 20:57:00,106.83,Amazon,E-commerce,UPI,Bangalore,20,Saturday,No,No,No,No,0,
TXN500410,ACC297636,2023-01-11 01:55:00,13707.47,MakeMyTrip,Travel,UPI,Hyderabad,1,Wednesday,No,No,No,No,0,
TXN500411,ACC114768,2023-07-23 23:53:00,1025.48,BigBasket,Grocery,UPI,Ahmedabad,23,Sunday,No,No,No,No,0,
TXN500412,ACC640310,2023-06-10 10:53:00,1621.39,Flipkart,E-commerce,UPI,Bangalore,10,Saturday,No,No,No,No,0,
TXN500413,ACC181896,2023-08-14 13:16:00,780.67,Spotify,Subscription,Net Banking,Kolkata,13,Monday,No,No,No,No,0,
TXN500414,ACC217659,2023-03-16 11:30:00,767.09,Uber,Transport,UPI,Mumbai,11,Thursday,No,No,No,No,0,
TXN500415,ACC894139,2023-05-10 17:24:00,1416.2,BookMyShow,Entertainment,Net Banking,Ahmedabad,17,Wednesday,No,No,No,No,0,
TXN500416,ACC288724,2023-05-11 09:05:00,14905.98,IntlCharge_8827,International,NEFT,London,9,Thursday,Yes,No,Yes,No,1,Unknown merchant
TXN500417,ACC540781,2023-01-18 08:55:00,968.63,Swiggy,Food Delivery,UPI,Kolkata,8,Wednesday,No,No,No,No,0,
TXN500418,ACC925618,2023-09-17 02:22:00,1224.13,Zomato,Food Delivery,UPI,Mumbai,2,Sunday,No,No,No,No,0,
TXN500419,ACC863214,2023-11-25 04:00:00,645.82,Zomato,Food Delivery,UPI,Bangalore,4,Saturday,No,No,No,No,0,
TXN500420,ACC635167,2023-08-20 15:55:00,1206.39,Uber,Transport,UPI,Chennai,15,Sunday,No,No,No,No,0,
TXN500421,ACC223967,2023-07-21 12:53:00,90.43,MakeMyTrip,Travel,Net Banking,Delhi,12,Friday,No,No,No,No,0,
TXN500422,ACC374258,2023-01-26 12:39:00,1220.77,Zomato,Food Delivery,UPI,Mumbai,12,Thursday,No,No,No,No,0,
TXN500423,ACC123839,2023-12-11 15:07:00,1730.78,IRCTC,Travel,Net Banking,Ahmedabad,15,Monday,No,No,No,No,0,
TXN500424,ACC769737,2023-11-04 06:52:00,1467.08,BookMyShow,Entertainment,Credit Card,Pune,6,Saturday,No,No,No,No,0,
TXN500425,ACC103642,2023-05-08 11:37:00,13328.77,Ola Cabs,Transport,UPI,Chennai,11,Monday,No,No,No,No,0,
TXN500426,ACC793939,2023-11-02 08:04:00,1865.58,Swiggy,Food Delivery,UPI,Mumbai,8,Thursday,No,No,No,No,0,
TXN500427,ACC163182,2023-06-04 12:42:00,1789.84,Myntra,Apparel,Credit Card,Ahmedabad,12,Sunday,No,No,No,No,0,
TXN500428,ACC200018,2023-02-15 10:45:00,14720.72,Paytm Mall,E-commerce,UPI,Pune,10,Wednesday,No,No,No,No,0,
TXN500429,ACC464663,2023-05-25 08:39:00,660.37,Spotify,Subscription,Debit Card,Ahmedabad,8,Thursday,No,No,No,No,0,
TXN500430,ACC654531,2023-01-28 06:09:00,11177.52,Amazon,E-commerce,Net Banking,Delhi,6,Saturday,No,No,No,No,0,
TXN500431,ACC366817,2023-12-30 17:31:00,24674.29,AbroadMerchant_TK,International,ATM,Kuala Lumpur,17,Saturday,Yes,Yes,Yes,Yes,1,Unknown merchant
TXN500432,ACC674251,2023-04-03 05:47:00,41136.64,TempStore_7721,Unknown,ATM,New York,5,Monday,Yes,No,Yes,Yes,1,Location anomaly
TXN500433,ACC805200,2023-04-03 13:58:00,233.9,Swiggy,Food Delivery,Net Banking,Delhi,13,Monday,No,No,No,No,0,
TXN500434,ACC302544,2023-06-15 04:01:00,985.72,Swiggy,Food Delivery,Credit Card,Mumbai,4,Thursday,No,No,No,No,0,
TXN500435,ACC892911,2023-06-16 23:46:00,462.17,MakeMyTrip,Travel,UPI,Hyderabad,23,Friday,No,No,No,No,0,
TXN500436,ACC159185,2023-11-05 12:05:00,547.57,Zomato,Food Delivery,Debit Card,Chennai,12,Sunday,No,No,No,No,0,
TXN500437,ACC864715,2023-05-26 20:48:00,1612.15,Ola Cabs,Transport,Credit Card,Bangalore,20,Friday,No,No,No,No,0,
TXN500438,ACC176577,2023-09-20 06:31:00,7499.92,PhonePe Wallet,Wallet,UPI,Hyderabad,6,Wednesday,No,No,No,No,0,
TXN500439,ACC239449,2023-02-17 01:32:00,11277.26,Myntra,Apparel,Credit Card,Delhi,1,Friday,No,No,No,No,0,
TXN500440,ACC866634,2023-09-02 09:09:00,1384.41,BigBasket,Grocery,UPI,Delhi,9,Saturday,No,No,No,No,0,
TXN500441,ACC170559,2023-08-06 13:06:00,1338.67,PhonePe Wallet,Wallet,UPI,Mumbai,13,Sunday,No,No,No,No,0,
TXN500442,ACC854024,2023-04-02 05:53:00,6081.3,Zomato,Food Delivery,UPI,Ahmedabad,5,Sunday,No,No,No,No,0,
TXN500443,ACC685941,2023-04-06 06:11:00,1506.71,Swiggy,Food Delivery,Net Banking,Mumbai,6,Thursday,No,No,No,No,0,
TXN500444,ACC785436,2023-12-02 15:29:00,20283.92,VPN_Service_Anon,Digital,NEFT,Kuala Lumpur,15,Saturday,Yes,Yes,Yes,Yes,1,Off-hours
TXN500445,ACC103161,2023-12-20 21:44:00,820.24,Ola Cabs,Transport,UPI,Mumbai,21,Wednesday,No,No,No,No,0,
TXN500446,ACC619447,2023-04-18 15:41:00,899.79,BigBasket,Grocery,Credit Card,Delhi,15,Tuesday,No,No,No,No,0,
TXN500447,ACC502206,2023-08-31 13:01:00,14530.27,Swiggy,Food Delivery,Net Banking,Mumbai,13,Thursday,No,No,No,No,0,
TXN500448,ACC823821,2023-05-31 18:53:00,13019.18,Spotify,Subscription,Net Banking,Kolkata,18,Wednesday,No,No,No,No,0,
TXN500449,ACC403314,2023-05-29 01:31:00,10822.68,Zomato,Food Delivery,UPI,Chennai,1,Monday,No,No,No,No,0,
TXN500450,ACC138105,2023-08-05 18:20:00,3222.29,TempStore_7721,Unknown,NEFT,Kuala Lumpur,18,Saturday,Yes,Yes,Yes,No,1,Location anomaly
TXN500451,ACC946112,2023-08-18 22:27:00,1466.11,Amazon,E-commerce,UPI,Hyderabad,22,Friday,No,No,No,No,0,
TXN500452,ACC657772,2023-03-09 09:46:00,1885.33,Uber,Transport,Debit Card,Ahmedabad,9,Thursday,No,No,No,No,0,
TXN500453,ACC969032,2023-12-20 23:05:00,8398.41,Ola Cabs,Transport,Credit Card,Ahmedabad,23,Wednesday,No,No,No,No,0,
TXN500454,ACC955413,2023-01-25 00:22:00,558.58,MakeMyTrip,Travel,Credit Card,Delhi,0,Wednesday,No,No,No,No,0,
TXN500455,ACC735163,2023-03-03 17:14:00,742.72,PhonePe Wallet,Wallet,UPI,Bangalore,17,Friday,No,No,No,No,0,
TXN500456,ACC894068,2023-12-28 01:59:00,1608.02,PhonePe Wallet,Wallet,UPI,Mumbai,1,Thursday,No,No,No,No,0,
TXN500457,ACC967161,2023-04-16 11:10:00,14641.25,VPN_Service_Anon,Digital,NEFT,Unknown,11,Sunday,Yes,No,Yes,No,1,Location anomaly
TXN500458,ACC328486,2023-06-21 04:07:00,2085.64,Spotify,Subscription,Credit Card,Hyderabad,4,Wednesday,No,No,No,No,0,
TXN500459,ACC369761,2023-05-17 11:45:00,11791.68,Netflix,Subscription,Debit Card,Chennai,11,Wednesday,No,No,No,No,0,
TXN500460,ACC570325,2023-07-29 14:54:00,1599.48,Paytm Mall,E-commerce,UPI,Delhi,14,Saturday,No,No,No,No,0,
TXN500461,ACC772687,2023-03-26 13:03:00,1530.43,Zomato,Food Delivery,Net Banking,Pune,13,Sunday,No,No,No,No,0,
TXN500462,ACC403314,2023-06-05 23:47:00,65.41,Myntra,Apparel,Net Banking,Kolkata,23,Monday,No,No,No,No,0,
TXN500463,ACC891030,2023-11-16 19:41:00,1780.97,PhonePe Wallet,Wallet,UPI,Pune,19,Thursday,No,No,No,No,0,
TXN500464,ACC578987,2023-07-19 23:46:00,43998.91,VPN_Service_Anon,Digital,UPI,New York,23,Wednesday,Yes,Yes,Yes,Yes,1,Location anomaly
TXN500465,ACC851742,2023-09-24 10:48:00,104.39,Ola Cabs,Transport,UPI,Pune,10,Sunday,No,No,No,No,0,
TXN500466,ACC116405,2023-02-26 23:03:00,777.31,Spotify,Subscription,Credit Card,Ahmedabad,23,Sunday,No,No,No,No,0,
TXN500467,ACC858243,2023-08-21 10:15:00,1184.11,Netflix,Subscription,Credit Card,Hyderabad,10,Monday,No,No,No,No,0,
TXN500468,ACC958136,2023-12-11 04:45:00,689.3,Zomato,Food Delivery,UPI,Ahmedabad,4,Monday,No,No,No,No,0,
TXN500469,ACC665497,2023-07-30 02:05:00,3014.94,Amazon,E-commerce,Credit Card,Kolkata,2,Sunday,No,No,No,No,0,
TXN500470,ACC793939,2023-08-14 22:59:00,8575.22,PhonePe Wallet,Wallet,Debit Card,Ahmedabad,22,Monday,No,No,No,No,0,
TXN500471,ACC205797,2023-09-28 03:44:00,938.09,IRCTC,Travel,UPI,Kolkata,3,Thursday,No,No,No,No,0,
TXN500472,ACC805200,2023-05-29 01:33:00,279.6,BigBasket,Grocery,Debit Card,Bangalore,1,Monday,No,No,No,No,0,
TXN500473,ACC815894,2023-01-25 09:56:00,1003.15,BookMyShow,Entertainment,UPI,Delhi,9,Wednesday,No,No,No,No,0,
TXN500474,ACC958136,2023-06-08 18:28:00,785.75,MakeMyTrip,Travel,UPI,Bangalore,18,Thursday,No,No,No,No,0,
TXN500475,ACC103642,2023-12-08 14:09:00,10106.66,Spotify,Subscription,Net Banking,Chennai,14,Friday,No,No,No,No,0,
TXN500476,ACC451317,2023-12-10 14:47:00,1429.06,BookMyShow,Entertainment,UPI,Delhi,14,Sunday,No,No,No,No,0,
TXN500477,ACC819400,2023-11-13 17:36:00,153.11,Netflix,Subscription,UPI,Delhi,17,Monday,No,No,No,No,0,
TXN500478,ACC800224,2023-01-10 08:50:00,1780.93,IRCTC,Travel,UPI,Kolkata,8,Tuesday,No,No,No,No,0,
TXN500479,ACC516278,2023-06-24 13:11:00,1251.62,AbroadMerchant_TK,International,UPI,New York,13,Saturday,Yes,Yes,Yes,No,1,Unknown merchant
TXN500480,ACC409355,2023-10-05 05:18:00,9174.13,IntlCharge_8827,International,ATM,Dubai,5,Thursday,Yes,Yes,Yes,No,1,High amount
TXN500481,ACC240718,2023-11-11 10:11:00,242.55,Amazon,E-commerce,Net Banking,Pune,10,Saturday,No,No,No,No,0,
TXN500482,ACC548479,2023-01-27 06:15:00,1214.16,Netflix,Subscription,UPI,Pune,6,Friday,No,No,No,No,0,
TXN500483,ACC403314,2023-07-28 02:30:00,844.61,Amazon,E-commerce,UPI,Chennai,2,Friday,No,No,No,No,0,
TXN500484,ACC190951,2023-06-05 18:26:00,446.74,PhonePe Wallet,Wallet,Debit Card,Bangalore,18,Monday,No,No,No,No,0,
TXN500485,ACC793939,2023-10-12 14:02:00,1924.17,Amazon,E-commerce,UPI,Mumbai,14,Thursday,No,No,No,No,0,
TXN500486,ACC262656,2023-05-20 19:16:00,1692.76,Spotify,Subscription,Debit Card,Mumbai,19,Saturday,No,No,No,No,0,
TXN500487,ACC434394,2023-02-05 09:05:00,14984.68,Zomato,Food Delivery,UPI,Chennai,9,Sunday,No,No,No,No,0,
TXN500488,ACC195359,2023-12-16 10:40:00,582.38,BookMyShow,Entertainment,Debit Card,Hyderabad,10,Saturday,No,No,No,No,0,
TXN500489,ACC238353,2023-01-09 22:08:00,1237.13,Ola Cabs,Transport,UPI,Kolkata,22,Monday,No,No,No,No,0,
TXN500490,ACC902674,2023-07-21 17:05:00,13603.44,Netflix,Subscription,Credit Card,Delhi,17,Friday,No,No,No,No,0,
TXN500491,ACC834406,2023-11-04 11:24:00,1968.4,BigBasket,Grocery,Net Banking,Chennai,11,Saturday,No,No,No,No,0,
TXN500492,ACC976822,2023-05-24 21:58:00,17922.8,VPN_Service_Anon,Digital,UPI,Dubai,21,Wednesday,Yes,No,Yes,No,1,Velocity breach
TXN500493,ACC133782,2023-07-05 01:17:00,4549.13,PhonePe Wallet,Wallet,Credit Card,Delhi,1,Wednesday,No,No,No,No,0,
TXN500494,ACC133782,2023-03-29 17:12:00,1360.74,Ola Cabs,Transport,Debit Card,Delhi,17,Wednesday,No,No,No,No,0,
TXN500495,ACC910065,2023-04-27 16:46:00,95.08,Netflix,Subscription,UPI,Ahmedabad,16,Thursday,No,No,No,No,0,
TXN500496,ACC772464,2023-06-15 13:54:00,584.37,Zomato,Food Delivery,UPI,Chennai,13,Thursday,No,No,No,No,0,
TXN500497,ACC815894,2023-09-30 14:20:00,702.68,Amazon,E-commerce,UPI,Kolkata,14,Saturday,No,No,No,No,0,
TXN500498,ACC837733,2023-03-26 10:19:00,985.93,Swiggy,Food Delivery,Debit Card,Pune,10,Sunday,No,No,No,No,0,
TXN500499,ACC894139,2023-06-24 01:52:00,26007.25,CryptoExch_Anon,Crypto,Card-Not-Present,London,1,Saturday,Yes,No,Yes,Yes,1,Off-hours
TXN500500,ACC453487,2023-11-17 14:37:00,216.79,Swiggy,Food Delivery,UPI,Bangalore,14,Friday,No,No,No,No,0,
TXN500501,ACC233533,2023-01-29 09:39:00,2678.64,Ola Cabs,Transport,UPI,Kolkata,9,Sunday,No,No,No,No,0,
TXN500502,ACC501058,2023-04-30 19:50:00,1266.82,Ola Cabs,Transport,UPI,Hyderabad,19,Sunday,No,No,No,No,0,
TXN500503,ACC619447,2023-08-21 16:21:00,250.24,Flipkart,E-commerce,UPI,Bangalore,16,Monday,No,No,No,No,0,
TXN500504,ACC515182,2023-08-04 15:46:00,1604.2,Flipkart,E-commerce,UPI,Kolkata,15,Friday,No,No,No,No,0,
TXN500505,ACC956113,2023-06-09 18:56:00,651.92,Paytm Mall,E-commerce,UPI,Mumbai,18,Friday,No,No,No,No,0,
TXN500506,ACC373453,2023-01-30 07:32:00,1724.47,Spotify,Subscription,UPI,Chennai,7,Monday,No,No,No,No,0,
TXN500507,ACC359535,2023-12-22 22:29:00,1153.89,Flipkart,E-commerce,Credit Card,Kolkata,22,Friday,No,No,No,No,0,
TXN500508,ACC123839,2023-01-22 15:14:00,484.9,MakeMyTrip,Travel,UPI,Ahmedabad,15,Sunday,No,No,No,No,0,
TXN500509,ACC638179,2023-07-12 06:25:00,1660.86,BigBasket,Grocery,Credit Card,Bangalore,6,Wednesday,No,No,No,No,0,
TXN500510,ACC646571,2023-07-04 01:01:00,1776.5,IRCTC,Travel,Debit Card,Chennai,1,Tuesday,No,No,No,No,0,
TXN500511,ACC347781,2023-05-15 03:01:00,788.9,Spotify,Subscription,Net Banking,Pune,3,Monday,No,No,No,No,0,
TXN500512,ACC544278,2023-12-05 05:33:00,1769.24,Netflix,Subscription,Debit Card,Bangalore,5,Tuesday,No,No,No,No,0,
TXN500513,ACC166857,2023-12-22 11:20:00,1290.48,Flipkart,E-commerce,Debit Card,Pune,11,Friday,No,No,No,No,0,
TXN500514,ACC669691,2023-11-19 08:55:00,1710.43,BigBasket,Grocery,UPI,Ahmedabad,8,Sunday,No,No,No,No,0,
TXN500515,ACC111991,2023-09-18 12:48:00,1022.25,MakeMyTrip,Travel,UPI,Hyderabad,12,Monday,No,No,No,No,0,
TXN500516,ACC948799,2023-08-31 08:37:00,1591.72,Zomato,Food Delivery,Debit Card,Ahmedabad,8,Thursday,No,No,No,No,0,
TXN500517,ACC221886,2023-08-06 12:36:00,1874.22,BigBasket,Grocery,Net Banking,Pune,12,Sunday,No,No,No,No,0,
TXN500518,ACC491774,2023-10-26 01:29:00,7316.39,Paytm Mall,E-commerce,Credit Card,Hyderabad,1,Thursday,No,No,No,No,0,
TXN500519,ACC165142,2023-08-15 07:16:00,197.98,Ola Cabs,Transport,Debit Card,Pune,7,Tuesday,No,No,No,No,0,
TXN500520,ACC948102,2023-07-04 01:34:00,16720.87,IntlCharge_8827,International,UPI,Kuala Lumpur,1,Tuesday,Yes,Yes,Yes,No,1,Unknown merchant
TXN500521,ACC181896,2023-04-08 22:38:00,1996.89,BigBasket,Grocery,Credit Card,Pune,22,Saturday,No,No,No,No,0,
TXN500522,ACC864715,2023-07-27 18:48:00,14369.36,Ola Cabs,Transport,Debit Card,Chennai,18,Thursday,No,No,No,No,0,
TXN500523,ACC485397,2023-08-31 07:33:00,1582.65,Flipkart,E-commerce,Debit Card,Hyderabad,7,Thursday,No,No,No,No,0,
TXN500524,ACC493892,2023-04-18 14:28:00,1138.97,Spotify,Subscription,UPI,Ahmedabad,14,Tuesday,No,No,No,No,0,
TXN500525,ACC160541,2023-04-26 13:27:00,1517.62,Ola Cabs,Transport,Debit Card,Mumbai,13,Wednesday,No,No,No,No,0,
TXN500526,ACC638179,2023-10-18 20:51:00,6957.14,Flipkart,E-commerce,UPI,Delhi,20,Wednesday,No,No,No,No,0,
TXN500527,ACC359535,2023-02-25 10:36:00,644.06,PhonePe Wallet,Wallet,UPI,Mumbai,10,Saturday,No,No,No,No,0,
TXN500528,ACC619447,2023-04-06 06:04:00,1927.84,MakeMyTrip,Travel,UPI,Ahmedabad,6,Thursday,No,No,No,No,0,
TXN500529,ACC283568,2023-03-29 10:55:00,8973.89,MakeMyTrip,Travel,Net Banking,Delhi,10,Wednesday,No,No,No,No,0,
TXN500530,ACC769737,2023-03-08 06:19:00,359.62,Zomato,Food Delivery,UPI,Chennai,6,Wednesday,No,No,No,No,0,
TXN500531,ACC585494,2023-05-22 06:00:00,1229.45,BigBasket,Grocery,Net Banking,Ahmedabad,6,Monday,No,No,No,No,0,
TXN500532,ACC695551,2023-02-16 09:41:00,12300.51,MakeMyTrip,Travel,Net Banking,Bangalore,9,Thursday,No,No,No,No,0,
TXN500533,ACC224395,2023-08-23 12:58:00,1158.8,Ola Cabs,Transport,Credit Card,Bangalore,12,Wednesday,No,No,No,No,0,
TXN500534,ACC345722,2023-05-30 21:58:00,1411.19,Swiggy,Food Delivery,UPI,Hyderabad,21,Tuesday,No,No,No,No,0,
TXN500535,ACC116405,2023-06-16 13:28:00,2951.54,BigBasket,Grocery,Credit Card,Kolkata,13,Friday,No,No,No,No,0,
TXN500536,ACC626930,2023-07-23 01:00:00,11732.79,BookMyShow,Entertainment,UPI,Ahmedabad,1,Sunday,No,No,No,No,0,
TXN500537,ACC940952,2023-08-13 04:30:00,42085.21,CryptoExch_Anon,Crypto,Card-Not-Present,London,4,Sunday,Yes,No,Yes,Yes,1,Location anomaly
TXN500538,ACC443856,2023-10-01 23:25:00,1370.9,BigBasket,Grocery,Debit Card,Bangalore,23,Sunday,No,No,No,No,0,
TXN500539,ACC146385,2023-04-21 14:44:00,1681.18,Amazon,E-commerce,UPI,Kolkata,14,Friday,No,No,No,No,0,
TXN500540,ACC772464,2023-11-03 00:03:00,443.39,Netflix,Subscription,UPI,Delhi,0,Friday,No,No,No,No,0,
TXN500541,ACC978292,2023-06-22 06:43:00,1919.55,Ola Cabs,Transport,UPI,Bangalore,6,Thursday,No,No,No,No,0,
TXN500542,ACC284019,2023-06-17 10:35:00,419.62,Ola Cabs,Transport,Debit Card,Chennai,10,Saturday,No,No,No,No,0,
TXN500543,ACC947975,2023-03-30 00:25:00,15845.88,VPN_Service_Anon,Digital,ATM,Unknown,0,Thursday,Yes,Yes,Yes,No,1,Velocity breach
TXN500544,ACC217659,2023-11-29 19:23:00,3413.13,UnknownMerchant_XYZ,Unknown,NEFT,London,19,Wednesday,Yes,Yes,Yes,No,1,Off-hours
TXN500545,ACC807160,2023-12-31 17:50:00,9798.27,MakeMyTrip,Travel,Credit Card,Bangalore,17,Sunday,No,No,No,No,0,
TXN500546,ACC195359,2023-12-08 15:04:00,1828.6,Myntra,Apparel,Debit Card,Mumbai,15,Friday,No,No,No,No,0,
TXN500547,ACC443856,2023-06-08 07:47:00,37873.67,AbroadMerchant_TK,International,Card-Not-Present,New York,7,Thursday,Yes,Yes,Yes,Yes,1,Velocity breach
TXN500548,ACC272529,2023-04-14 04:24:00,14851.17,IRCTC,Travel,Debit Card,Hyderabad,4,Friday,No,No,No,No,0,
TXN500549,ACC695551,2023-09-24 13:41:00,96.2,Spotify,Subscription,UPI,Chennai,13,Sunday,No,No,No,No,0,
TXN500550,ACC329021,2023-12-18 22:46:00,30422.15,IntlCharge_8827,International,UPI,Unknown,22,Monday,Yes,Yes,Yes,Yes,1,High amount
TXN500551,ACC590755,2023-09-09 02:12:00,325.99,Amazon,E-commerce,UPI,Chennai,2,Saturday,No,No,No,No,0,
TXN500552,ACC657772,2023-06-09 05:46:00,12283.76,IntlCharge_8827,International,ATM,London,5,Friday,Yes,Yes,Yes,No,1,Unknown merchant
TXN500553,ACC823821,2023-05-20 15:05:00,8568.8,Myntra,Apparel,Net Banking,Bangalore,15,Saturday,No,No,No,No,0,
TXN500554,ACC163182,2023-08-07 02:48:00,29778.81,CryptoExch_Anon,Crypto,ATM,London,2,Monday,Yes,Yes,Yes,Yes,1,High amount
TXN500555,ACC123839,2023-05-26 12:35:00,699.81,Flipkart,E-commerce,UPI,Mumbai,12,Friday,No,No,No,No,0,
TXN500556,ACC461264,2023-09-09 12:59:00,1883.56,Zomato,Food Delivery,UPI,Kolkata,12,Saturday,No,No,No,No,0,
TXN500557,ACC443856,2023-07-17 18:10:00,1553.98,IRCTC,Travel,UPI,Ahmedabad,18,Monday,No,No,No,No,0,
TXN500558,ACC617904,2023-11-30 12:59:00,1484.55,Zomato,Food Delivery,Credit Card,Bangalore,12,Thursday,No,No,No,No,0,
TXN500559,ACC502206,2023-05-11 07:38:00,12022.64,Flipkart,E-commerce,UPI,Kolkata,7,Thursday,No,No,No,No,0,
TXN500560,ACC581206,2023-09-23 06:56:00,8508.41,Zomato,Food Delivery,UPI,Pune,6,Saturday,No,No,No,No,0,
TXN500561,ACC295243,2023-02-25 20:36:00,4723.83,Netflix,Subscription,UPI,Pune,20,Saturday,No,No,No,No,0,
TXN500562,ACC218326,2023-01-01 03:04:00,1073.68,Netflix,Subscription,Credit Card,Bangalore,3,Sunday,No,No,No,No,0,
TXN500563,ACC293757,2023-04-12 15:11:00,1899.54,Paytm Mall,E-commerce,Debit Card,Bangalore,15,Wednesday,No,No,No,No,0,
TXN500564,ACC492650,2023-08-14 20:58:00,262.93,Flipkart,E-commerce,UPI,Pune,20,Monday,No,No,No,No,0,
TXN500565,ACC646571,2023-05-01 15:31:00,1533.04,Ola Cabs,Transport,Debit Card,Delhi,15,Monday,No,No,No,No,0,
TXN500566,ACC991638,2023-07-12 19:33:00,1525.98,Netflix,Subscription,UPI,Hyderabad,19,Wednesday,No,No,No,No,0,
TXN500567,ACC612573,2023-05-03 11:42:00,787.95,Zomato,Food Delivery,Net Banking,Mumbai,11,Wednesday,No,No,No,No,0,
TXN500568,ACC772687,2023-03-13 00:38:00,1413.57,Swiggy,Food Delivery,UPI,Ahmedabad,0,Monday,No,No,No,No,0,
TXN500569,ACC359535,2023-09-21 13:42:00,1886.78,IRCTC,Travel,UPI,Mumbai,13,Thursday,No,No,No,No,0,
TXN500570,ACC863214,2023-04-30 19:31:00,14208.1,Zomato,Food Delivery,UPI,Delhi,19,Sunday,No,No,No,No,0,
TXN500571,ACC626930,2023-12-31 04:55:00,2412.69,Paytm Mall,E-commerce,Credit Card,Delhi,4,Sunday,No,No,No,No,0,
TXN500572,ACC159185,2023-08-28 05:57:00,990.23,PhonePe Wallet,Wallet,UPI,Delhi,5,Monday,No,No,No,No,0,
TXN500573,ACC295361,2023-03-24 10:57:00,1544.3,Zomato,Food Delivery,UPI,Bangalore,10,Friday,No,No,No,No,0,
TXN500574,ACC218326,2023-02-16 22:21:00,1851.5,Spotify,Subscription,UPI,Kolkata,22,Thursday,No,No,No,No,0,
TXN500575,ACC163182,2023-12-01 20:50:00,505.07,Paytm Mall,E-commerce,UPI,Delhi,20,Friday,No,No,No,No,0,
TXN500576,ACC267475,2023-03-01 18:23:00,42673.0,IntlCharge_8827,International,Card-Not-Present,Unknown,18,Wednesday,Yes,Yes,Yes,Yes,1,Location anomaly
TXN500577,ACC525110,2023-07-18 13:20:00,1374.64,Netflix,Subscription,Net Banking,Delhi,13,Tuesday,No,No,No,No,0,
TXN500578,ACC806215,2023-06-11 04:52:00,41868.13,CryptoExch_Anon,Crypto,NEFT,Unknown,4,Sunday,Yes,Yes,Yes,Yes,1,Off-hours
TXN500579,ACC139286,2023-11-03 10:19:00,11184.79,Paytm Mall,E-commerce,Net Banking,Chennai,10,Friday,No,No,No,No,0,
TXN500580,ACC834406,2023-01-31 10:09:00,1447.69,Spotify,Subscription,Net Banking,Bangalore,10,Tuesday,No,No,No,No,0,
TXN500581,ACC995993,2023-12-04 05:01:00,6527.99,Paytm Mall,E-commerce,UPI,Kolkata,5,Monday,No,No,No,No,0,
TXN500582,ACC969032,2023-05-25 22:59:00,1417.16,IRCTC,Travel,Net Banking,Pune,22,Thursday,No,No,No,No,0,
TXN500583,ACC348411,2023-03-12 14:44:00,617.61,PhonePe Wallet,Wallet,UPI,Hyderabad,14,Sunday,No,No,No,No,0,
TXN500584,ACC807160,2023-12-14 04:24:00,6622.59,Zomato,Food Delivery,UPI,Bangalore,4,Thursday,No,No,No,No,0,
TXN500585,ACC722795,2023-11-29 10:37:00,48486.89,AbroadMerchant_TK,International,NEFT,Kuala Lumpur,10,Wednesday,Yes,Yes,Yes,Yes,1,Location anomaly
TXN500586,ACC242007,2023-09-08 09:44:00,47729.09,TempStore_7721,Unknown,NEFT,Kuala Lumpur,9,Friday,Yes,No,Yes,Yes,1,Location anomaly
TXN500587,ACC163182,2023-05-21 20:41:00,284.0,PhonePe Wallet,Wallet,UPI,Mumbai,20,Sunday,No,No,No,No,0,
TXN500588,ACC958136,2023-09-03 08:44:00,14999.4,Uber,Transport,UPI,Pune,8,Sunday,No,No,No,No,0,
TXN500589,ACC158338,2023-02-02 22:58:00,2256.7,Spotify,Subscription,UPI,Delhi,22,Thursday,No,No,No,No,0,
TXN500590,ACC345722,2023-11-30 03:48:00,1334.24,Netflix,Subscription,UPI,Mumbai,3,Thursday,No,No,No,No,0,
TXN500591,ACC711474,2023-03-04 01:08:00,452.15,Flipkart,E-commerce,UPI,Delhi,1,Saturday,No,No,No,No,0,
TXN500592,ACC328486,2023-10-06 05:27:00,1895.12,Ola Cabs,Transport,Debit Card,Ahmedabad,5,Friday,No,No,No,No,0,
TXN500593,ACC711474,2023-09-25 11:38:00,1045.65,Paytm Mall,E-commerce,Debit Card,Chennai,11,Monday,No,No,No,No,0,
TXN500594,ACC329772,2023-03-10 19:35:00,1471.75,IRCTC,Travel,Net Banking,Pune,19,Friday,No,No,No,No,0,
TXN500595,ACC857997,2023-07-24 14:05:00,329.33,BookMyShow,Entertainment,UPI,Chennai,14,Monday,No,No,No,No,0,
TXN500596,ACC170559,2023-11-06 05:26:00,1985.28,Spotify,Subscription,Credit Card,Delhi,5,Monday,No,No,No,No,0,
TXN500597,ACC740632,2023-12-17 17:26:00,223.5,Swiggy,Food Delivery,Credit Card,Chennai,17,Sunday,No,No,No,No,0,
TXN500598,ACC166857,2023-04-24 12:06:00,8827.61,UnknownMerchant_XYZ,Unknown,UPI,Kuala Lumpur,12,Monday,Yes,No,Yes,No,1,High amount
TXN500599,ACC423139,2023-12-25 18:55:00,27598.98,CryptoExch_Anon,Crypto,Card-Not-Present,New York,18,Monday,Yes,Yes,Yes,Yes,1,Velocity breach
TXN500600,ACC401036,2023-04-03 11:51:00,13466.27,Uber,Transport,UPI,Ahmedabad,11,Monday,No,No,No,No,0,
TXN500601,ACC139110,2023-12-18 16:45:00,1156.74,BigBasket,Grocery,UPI,Chennai,16,Monday,No,No,No,No,0,
TXN500602,ACC585494,2023-04-04 14:22:00,609.3,Netflix,Subscription,UPI,Pune,14,Tuesday,No,No,No,No,0,
TXN500603,ACC221886,2023-07-28 10:54:00,1287.62,Swiggy,Food Delivery,UPI,Delhi,10,Friday,No,No,No,No,0,
TXN500604,ACC133782,2023-01-06 13:43:00,1868.26,Paytm Mall,E-commerce,UPI,Kolkata,13,Friday,No,No,No,No,0,
TXN500605,ACC991638,2023-08-06 22:34:00,722.87,Uber,Transport,Debit Card,Ahmedabad,22,Sunday,No,No,No,No,0,
TXN500606,ACC837449,2023-04-26 05:04:00,7495.39,Myntra,Apparel,Credit Card,Bangalore,5,Wednesday,No,No,No,No,0,
TXN500607,ACC160541,2023-12-14 07:53:00,615.63,Paytm Mall,E-commerce,UPI,Chennai,7,Thursday,No,No,No,No,0,
TXN500608,ACC910065,2023-07-21 06:59:00,13614.43,BookMyShow,Entertainment,UPI,Ahmedabad,6,Friday,No,No,No,No,0,
TXN500609,ACC806215,2023-06-18 09:22:00,60.05,Swiggy,Food Delivery,Net Banking,Kolkata,9,Sunday,No,No,No,No,0,
TXN500610,ACC356622,2023-09-21 04:26:00,5251.75,Swiggy,Food Delivery,Credit Card,Kolkata,4,Thursday,No,No,No,No,0,
TXN500611,ACC785280,2023-04-04 17:51:00,1686.75,BookMyShow,Entertainment,UPI,Kolkata,17,Tuesday,No,No,No,No,0,
TXN500612,ACC907236,2023-02-26 06:18:00,871.06,Amazon,E-commerce,UPI,Ahmedabad,6,Sunday,No,No,No,No,0,
TXN500613,ACC967161,2023-08-04 15:35:00,11937.11,PhonePe Wallet,Wallet,Debit Card,Kolkata,15,Friday,No,No,No,No,0,
TXN500614,ACC284019,2023-01-11 04:09:00,25024.55,CryptoExch_Anon,Crypto,ATM,Kuala Lumpur,4,Wednesday,Yes,Yes,Yes,Yes,1,Unknown merchant
TXN500615,ACC139110,2023-08-11 15:18:00,1533.75,BookMyShow,Entertainment,Credit Card,Chennai,15,Friday,No,No,No,No,0,
TXN500616,ACC185847,2023-12-25 07:42:00,974.09,Spotify,Subscription,UPI,Chennai,7,Monday,No,No,No,No,0,
TXN500617,ACC346961,2023-04-28 03:08:00,1981.28,Zomato,Food Delivery,UPI,Delhi,3,Friday,No,No,No,No,0,
TXN500618,ACC837449,2023-06-06 22:40:00,482.46,IRCTC,Travel,UPI,Pune,22,Tuesday,No,No,No,No,0,
TXN500619,ACC164758,2023-06-29 22:26:00,129.73,IRCTC,Travel,Credit Card,Chennai,22,Thursday,No,No,No,No,0,
TXN500620,ACC695361,2023-08-09 05:16:00,643.5,PhonePe Wallet,Wallet,Credit Card,Hyderabad,5,Wednesday,No,No,No,No,0,
TXN500621,ACC882032,2023-10-29 16:38:00,514.59,Myntra,Apparel,UPI,Bangalore,16,Sunday,No,No,No,No,0,
TXN500622,ACC548479,2023-01-22 18:58:00,1325.99,MakeMyTrip,Travel,Credit Card,Hyderabad,18,Sunday,No,No,No,No,0,
TXN500623,ACC823821,2023-10-01 23:09:00,1437.63,Amazon,E-commerce,Net Banking,Hyderabad,23,Sunday,No,No,No,No,0,
TXN500624,ACC967161,2023-08-12 02:30:00,1592.23,Zomato,Food Delivery,Credit Card,Bangalore,2,Saturday,No,No,No,No,0,
TXN500625,ACC705526,2023-02-01 22:12:00,40735.13,VPN_Service_Anon,Digital,Card-Not-Present,Unknown,22,Wednesday,Yes,Yes,Yes,Yes,1,High amount
TXN500626,ACC172371,2023-10-15 12:25:00,579.41,Flipkart,E-commerce,UPI,Ahmedabad,12,Sunday,No,No,No,No,0,
TXN500627,ACC837449,2023-05-13 09:54:00,573.6,IRCTC,Travel,UPI,Pune,9,Saturday,No,No,No,No,0,
TXN500628,ACC217659,2023-03-10 08:55:00,150.46,Netflix,Subscription,UPI,Mumbai,8,Friday,No,No,No,No,0,
TXN500629,ACC176577,2023-06-16 02:45:00,846.27,MakeMyTrip,Travel,UPI,Mumbai,2,Friday,No,No,No,No,0,
TXN500630,ACC366817,2023-04-23 23:17:00,549.18,BigBasket,Grocery,UPI,Kolkata,23,Sunday,No,No,No,No,0,
TXN500631,ACC628373,2023-04-16 14:14:00,1184.24,Myntra,Apparel,Debit Card,Ahmedabad,14,Sunday,No,No,No,No,0,
TXN500632,ACC287143,2023-07-08 04:57:00,403.95,PhonePe Wallet,Wallet,UPI,Ahmedabad,4,Saturday,No,No,No,No,0,
TXN500633,ACC969032,2023-01-11 09:10:00,396.58,MakeMyTrip,Travel,Debit Card,Kolkata,9,Wednesday,No,No,No,No,0,
TXN500634,ACC864715,2023-02-21 23:33:00,1467.19,BigBasket,Grocery,UPI,Delhi,23,Tuesday,No,No,No,No,0,
TXN500635,ACC212512,2023-03-09 07:49:00,571.93,Swiggy,Food Delivery,UPI,Delhi,7,Thursday,No,No,No,No,0,
TXN500636,ACC160541,2023-12-29 02:12:00,916.44,BigBasket,Grocery,Debit Card,Ahmedabad,2,Friday,No,No,No,No,0,
TXN500637,ACC891030,2023-12-21 08:40:00,5857.6,Paytm Mall,E-commerce,UPI,Bangalore,8,Thursday,No,No,No,No,0,
TXN500638,ACC926236,2023-04-27 13:24:00,738.95,BigBasket,Grocery,Debit Card,Ahmedabad,13,Thursday,No,No,No,No,0,
TXN500639,ACC577079,2023-02-22 09:22:00,1250.61,Swiggy,Food Delivery,Debit Card,Bangalore,9,Wednesday,No,No,No,No,0,
TXN500640,ACC578987,2023-11-04 05:43:00,638.05,Zomato,Food Delivery,Credit Card,Delhi,5,Saturday,No,No,No,No,0,
TXN500641,ACC176577,2023-05-16 22:51:00,1730.34,Swiggy,Food Delivery,Debit Card,Hyderabad,22,Tuesday,No,No,No,No,0,
TXN500642,ACC583000,2023-02-04 03:36:00,593.03,Zomato,Food Delivery,Credit Card,Kolkata,3,Saturday,No,No,No,No,0,
TXN500643,ACC665497,2023-09-04 22:26:00,700.26,Flipkart,E-commerce,Net Banking,Kolkata,22,Monday,No,No,No,No,0,
TXN500644,ACC345722,2023-10-01 15:34:00,800.02,Paytm Mall,E-commerce,Debit Card,Delhi,15,Sunday,No,No,No,No,0,
TXN500645,ACC223119,2023-01-09 11:35:00,1845.76,PhonePe Wallet,Wallet,Net Banking,Pune,11,Monday,No,No,No,No,0,
TXN500646,ACC628373,2023-08-04 07:13:00,1506.64,Spotify,Subscription,UPI,Kolkata,7,Friday,No,No,No,No,0,
TXN500647,ACC665497,2023-07-10 01:44:00,33153.57,UnknownMerchant_XYZ,Unknown,NEFT,Dubai,1,Monday,Yes,No,Yes,Yes,1,Velocity breach
TXN500648,ACC706403,2023-03-14 02:15:00,673.25,UnknownMerchant_XYZ,Unknown,ATM,Unknown,2,Tuesday,Yes,Yes,Yes,No,1,High amount
TXN500649,ACC356622,2023-12-24 09:30:00,1458.99,Zomato,Food Delivery,UPI,Bangalore,9,Sunday,No,No,No,No,0,
TXN500650,ACC403528,2023-11-06 05:32:00,1375.81,BigBasket,Grocery,UPI,Pune,5,Monday,No,No,No,No,0,
TXN500651,ACC445637,2023-05-20 02:33:00,294.01,Zomato,Food Delivery,Debit Card,Kolkata,2,Saturday,No,No,No,No,0,
TXN500652,ACC867051,2023-11-06 02:52:00,660.72,Uber,Transport,Credit Card,Mumbai,2,Monday,No,No,No,No,0,
TXN500653,ACC626930,2023-05-19 03:06:00,1568.65,Swiggy,Food Delivery,UPI,Delhi,3,Friday,No,No,No,No,0,
TXN500654,ACC283568,2023-06-08 06:35:00,1294.86,IRCTC,Travel,UPI,Ahmedabad,6,Thursday,No,No,No,No,0,
TXN500655,ACC872399,2023-06-08 00:22:00,47938.06,CryptoExch_Anon,Crypto,ATM,New York,0,Thursday,Yes,Yes,Yes,Yes,1,High amount
TXN500656,ACC801765,2023-12-26 21:06:00,1495.83,Myntra,Apparel,UPI,Mumbai,21,Tuesday,No,No,No,No,0,
TXN500657,ACC583000,2023-10-28 01:18:00,953.06,BigBasket,Grocery,UPI,Chennai,1,Saturday,No,No,No,No,0,
TXN500658,ACC710754,2023-09-14 16:46:00,715.76,Flipkart,E-commerce,Credit Card,Pune,16,Thursday,No,No,No,No,0,
TXN500659,ACC464663,2023-01-21 22:49:00,457.2,Ola Cabs,Transport,UPI,Ahmedabad,22,Saturday,No,No,No,No,0,
TXN500660,ACC107161,2023-06-08 17:55:00,233.52,Netflix,Subscription,UPI,Bangalore,17,Thursday,No,No,No,No,0,
TXN500661,ACC328486,2023-06-30 02:04:00,14720.29,BigBasket,Grocery,UPI,Bangalore,2,Friday,No,No,No,No,0,
TXN500662,ACC860242,2023-01-21 11:54:00,1838.42,BookMyShow,Entertainment,Credit Card,Hyderabad,11,Saturday,No,No,No,No,0,
TXN500663,ACC570325,2023-09-17 14:16:00,2181.6,VPN_Service_Anon,Digital,Card-Not-Present,Kuala Lumpur,14,Sunday,Yes,No,Yes,No,1,Velocity breach
TXN500664,ACC704095,2023-01-05 04:54:00,2948.72,Swiggy,Food Delivery,UPI,Ahmedabad,4,Thursday,No,No,No,No,0,
TXN500665,ACC544730,2023-08-28 20:34:00,5500.39,AbroadMerchant_TK,International,Card-Not-Present,London,20,Monday,Yes,Yes,Yes,No,1,High amount
TXN500666,ACC238353,2023-02-03 10:21:00,998.28,Flipkart,E-commerce,Net Banking,Bangalore,10,Friday,No,No,No,No,0,
TXN500667,ACC331577,2023-06-13 18:02:00,12264.27,Flipkart,E-commerce,UPI,Chennai,18,Tuesday,No,No,No,No,0,
TXN500668,ACC516278,2023-12-17 13:17:00,185.06,BookMyShow,Entertainment,Net Banking,Ahmedabad,13,Sunday,No,No,No,No,0,
TXN500669,ACC724756,2023-04-05 01:05:00,1518.69,MakeMyTrip,Travel,Net Banking,Kolkata,1,Wednesday,No,No,No,No,0,
TXN500670,ACC710754,2023-12-23 13:22:00,808.82,MakeMyTrip,Travel,UPI,Delhi,13,Saturday,No,No,No,No,0,
TXN500671,ACC373453,2023-06-15 21:52:00,3956.58,Uber,Transport,Net Banking,Bangalore,21,Thursday,No,No,No,No,0,
TXN500672,ACC769752,2023-12-12 13:16:00,13144.47,Paytm Mall,E-commerce,UPI,Delhi,13,Tuesday,No,No,No,No,0,
TXN500673,ACC267475,2023-08-04 22:34:00,373.9,Netflix,Subscription,Credit Card,Hyderabad,22,Friday,No,No,No,No,0,
TXN500674,ACC813341,2023-09-15 03:44:00,32462.49,AbroadMerchant_TK,International,NEFT,Unknown,3,Friday,Yes,Yes,Yes,Yes,1,Unknown merchant
TXN500675,ACC327823,2023-08-07 16:48:00,392.84,Myntra,Apparel,Net Banking,Kolkata,16,Monday,No,No,No,No,0,
TXN500676,ACC663356,2023-11-21 09:44:00,1878.91,Flipkart,E-commerce,UPI,Delhi,9,Tuesday,No,No,No,No,0,
TXN500677,ACC501058,2023-02-23 15:47:00,46364.16,TempStore_7721,Unknown,NEFT,Dubai,15,Thursday,Yes,No,Yes,Yes,1,Off-hours
TXN500678,ACC700521,2023-08-04 06:14:00,936.53,Netflix,Subscription,Net Banking,Hyderabad,6,Friday,No,No,No,No,0,
TXN500679,ACC906325,2023-01-04 11:50:00,5996.16,IRCTC,Travel,UPI,Chennai,11,Wednesday,No,No,No,No,0,
TXN500680,ACC495833,2023-01-17 00:01:00,1061.98,BigBasket,Grocery,Debit Card,Hyderabad,0,Tuesday,No,No,No,No,0,
TXN500681,ACC464663,2023-05-04 17:25:00,14115.22,IRCTC,Travel,UPI,Bangalore,17,Thursday,No,No,No,No,0,
TXN500682,ACC477017,2023-07-26 10:33:00,8555.34,BigBasket,Grocery,UPI,Pune,10,Wednesday,No,No,No,No,0,
TXN500683,ACC947975,2023-04-15 02:05:00,902.97,Amazon,E-commerce,UPI,Kolkata,2,Saturday,No,No,No,No,0,
TXN500684,ACC801765,2023-08-21 20:40:00,517.46,Netflix,Subscription,Credit Card,Kolkata,20,Monday,No,No,No,No,0,
TXN500685,ACC181896,2023-02-12 04:40:00,1294.85,Amazon,E-commerce,Debit Card,Delhi,4,Sunday,No,No,No,No,0,
TXN500686,ACC800224,2023-02-17 02:31:00,754.72,Spotify,Subscription,UPI,Kolkata,2,Friday,No,No,No,No,0,
TXN500687,ACC270387,2023-04-18 21:26:00,929.21,Zomato,Food Delivery,Debit Card,Mumbai,21,Tuesday,No,No,No,No,0,
TXN500688,ACC403528,2023-03-02 10:22:00,59.78,PhonePe Wallet,Wallet,Debit Card,Delhi,10,Thursday,No,No,No,No,0,
TXN500689,ACC560285,2023-01-12 16:32:00,273.84,Netflix,Subscription,Debit Card,Bangalore,16,Thursday,No,No,No,No,0,
TXN500690,ACC190951,2023-05-18 08:30:00,47662.85,IntlCharge_8827,International,UPI,Singapore,8,Thursday,Yes,Yes,Yes,Yes,1,High amount
TXN500691,ACC903028,2023-04-09 08:11:00,598.11,IRCTC,Travel,Debit Card,Bangalore,8,Sunday,No,No,No,No,0,
TXN500692,ACC860242,2023-08-10 14:27:00,9894.84,Flipkart,E-commerce,UPI,Chennai,14,Thursday,No,No,No,No,0,
TXN500693,ACC628705,2023-08-19 05:56:00,849.13,Amazon,E-commerce,UPI,Kolkata,5,Saturday,No,No,No,No,0,
TXN500694,ACC947975,2023-08-08 05:22:00,3678.31,IntlCharge_8827,International,UPI,Kuala Lumpur,5,Tuesday,Yes,Yes,Yes,No,1,Velocity breach
TXN500695,ACC640310,2023-01-05 10:44:00,466.86,Amazon,E-commerce,Net Banking,Delhi,10,Thursday,No,No,No,No,0,
TXN500696,ACC744481,2023-09-27 06:06:00,592.19,Paytm Mall,E-commerce,UPI,Kolkata,6,Wednesday,No,No,No,No,0,
TXN500697,ACC195359,2023-06-13 06:12:00,1615.31,Amazon,E-commerce,Debit Card,Ahmedabad,6,Tuesday,No,No,No,No,0,
TXN500698,ACC172371,2023-05-02 18:01:00,2060.41,BookMyShow,Entertainment,Debit Card,Pune,18,Tuesday,No,No,No,No,0,
TXN500699,ACC864715,2023-01-19 17:58:00,3236.56,Paytm Mall,E-commerce,Credit Card,Pune,17,Thursday,No,No,No,No,0,
TXN500700,ACC946112,2023-07-24 02:35:00,11053.94,Netflix,Subscription,UPI,Ahmedabad,2,Monday,No,No,No,No,0,
TXN500701,ACC640310,2023-07-11 19:06:00,14916.02,Amazon,E-commerce,Debit Card,Chennai,19,Tuesday,No,No,No,No,0,
TXN500702,ACC176577,2023-10-03 00:59:00,43406.47,VPN_Service_Anon,Digital,Card-Not-Present,Singapore,0,Tuesday,Yes,Yes,Yes,Yes,1,Location anomaly
TXN500703,ACC446747,2023-05-16 10:44:00,14023.16,Flipkart,E-commerce,Debit Card,Delhi,10,Tuesday,No,No,No,No,0,
TXN500704,ACC502206,2023-10-27 13:40:00,8213.05,PhonePe Wallet,Wallet,Credit Card,Pune,13,Friday,No,No,No,No,0,
TXN500705,ACC389039,2023-04-26 02:16:00,211.45,Netflix,Subscription,UPI,Delhi,2,Wednesday,No,No,No,No,0,
TXN500706,ACC240718,2023-04-19 00:42:00,1000.91,IRCTC,Travel,UPI,Pune,0,Wednesday,No,No,No,No,0,
TXN500707,ACC890371,2023-09-16 03:58:00,759.11,BigBasket,Grocery,Debit Card,Kolkata,3,Saturday,No,No,No,No,0,
TXN500708,ACC793939,2023-03-26 21:19:00,32436.08,TempStore_7721,Unknown,NEFT,London,21,Sunday,Yes,Yes,Yes,Yes,1,Location anomaly
TXN500709,ACC806215,2023-04-06 08:01:00,1340.68,PhonePe Wallet,Wallet,Net Banking,Hyderabad,8,Thursday,No,No,No,No,0,
TXN500710,ACC242007,2023-09-15 13:32:00,10432.08,Myntra,Apparel,Credit Card,Chennai,13,Friday,No,No,No,No,0,
TXN500711,ACC347781,2023-11-01 08:33:00,1012.55,Flipkart,E-commerce,UPI,Chennai,8,Wednesday,No,No,No,No,0,
TXN500712,ACC109717,2023-10-22 08:15:00,26629.45,UnknownMerchant_XYZ,Unknown,ATM,Singapore,8,Sunday,Yes,No,Yes,Yes,1,High amount
TXN500713,ACC695361,2023-04-23 23:52:00,383.51,MakeMyTrip,Travel,UPI,Pune,23,Sunday,No,No,No,No,0,
TXN500714,ACC588002,2023-09-15 22:39:00,36966.84,AbroadMerchant_TK,International,ATM,Kuala Lumpur,22,Friday,Yes,Yes,Yes,Yes,1,Unknown merchant
TXN500715,ACC111991,2023-04-06 10:57:00,74.83,PhonePe Wallet,Wallet,UPI,Pune,10,Thursday,No,No,No,No,0,
TXN500716,ACC139110,2023-11-01 11:30:00,51.96,Flipkart,E-commerce,Debit Card,Pune,11,Wednesday,No,No,No,No,0,
TXN500717,ACC111991,2023-03-17 03:06:00,1006.79,BookMyShow,Entertainment,Credit Card,Ahmedabad,3,Friday,No,No,No,No,0,
TXN500718,ACC538184,2023-06-30 09:45:00,13728.17,Myntra,Apparel,Credit Card,Delhi,9,Friday,No,No,No,No,0,
TXN500719,ACC976822,2023-03-17 13:54:00,5176.78,IRCTC,Travel,Debit Card,Hyderabad,13,Friday,No,No,No,No,0,
TXN500720,ACC626930,2023-07-13 20:06:00,1373.66,BookMyShow,Entertainment,UPI,Pune,20,Thursday,No,No,No,No,0,
TXN500721,ACC638179,2023-07-20 18:26:00,653.18,BookMyShow,Entertainment,Net Banking,Kolkata,18,Thursday,No,No,No,No,0,
TXN500722,ACC946112,2023-05-28 03:00:00,1377.8,PhonePe Wallet,Wallet,Credit Card,Bangalore,3,Sunday,No,No,No,No,0,
TXN500723,ACC590755,2023-05-31 00:29:00,473.78,Amazon,E-commerce,Credit Card,Kolkata,0,Wednesday,No,No,No,No,0,
TXN500724,ACC661147,2023-01-26 08:08:00,1581.26,Myntra,Apparel,UPI,Delhi,8,Thursday,No,No,No,No,0,
TXN500725,ACC837733,2023-08-10 18:58:00,5233.47,Swiggy,Food Delivery,Net Banking,Kolkata,18,Thursday,No,No,No,No,0,
TXN500726,ACC409355,2023-05-14 09:38:00,899.84,BookMyShow,Entertainment,Credit Card,Chennai,9,Sunday,No,No,No,No,0,
TXN500727,ACC403314,2023-04-13 09:19:00,4383.84,Swiggy,Food Delivery,Debit Card,Delhi,9,Thursday,No,No,No,No,0,
TXN500728,ACC711474,2023-09-15 21:45:00,963.34,Myntra,Apparel,Net Banking,Mumbai,21,Friday,No,No,No,No,0,
TXN500729,ACC439320,2023-11-11 09:50:00,29036.52,IntlCharge_8827,International,ATM,Singapore,9,Saturday,Yes,No,Yes,Yes,1,Off-hours
TXN500730,ACC257131,2023-01-28 12:08:00,1356.65,Zomato,Food Delivery,UPI,Delhi,12,Saturday,No,No,No,No,0,
TXN500731,ACC302544,2023-06-20 19:06:00,616.63,Spotify,Subscription,UPI,Chennai,19,Tuesday,No,No,No,No,0,
TXN500732,ACC948799,2023-03-11 07:57:00,1297.35,Ola Cabs,Transport,UPI,Ahmedabad,7,Saturday,No,No,No,No,0,
TXN500733,ACC769752,2023-02-04 00:09:00,1765.8,Flipkart,E-commerce,Net Banking,Ahmedabad,0,Saturday,No,No,No,No,0,
TXN500734,ACC640310,2023-06-03 12:30:00,41021.71,IntlCharge_8827,International,UPI,New York,12,Saturday,Yes,No,Yes,Yes,1,High amount
TXN500735,ACC443856,2023-08-10 04:40:00,1646.17,Amazon,E-commerce,Net Banking,Ahmedabad,4,Thursday,No,No,No,No,0,
TXN500736,ACC695361,2023-10-29 15:23:00,8031.53,Ola Cabs,Transport,UPI,Bangalore,15,Sunday,No,No,No,No,0,
TXN500737,ACC548479,2023-10-16 12:00:00,640.39,Flipkart,E-commerce,Debit Card,Hyderabad,12,Monday,No,No,No,No,0,
TXN500738,ACC585494,2023-05-22 00:10:00,13733.16,Myntra,Apparel,Debit Card,Delhi,0,Monday,No,No,No,No,0,
TXN500739,ACC122827,2023-12-02 23:36:00,323.08,Myntra,Apparel,UPI,Kolkata,23,Saturday,No,No,No,No,0,
TXN500740,ACC389039,2023-07-12 15:38:00,1038.61,Ola Cabs,Transport,UPI,Bangalore,15,Wednesday,No,No,No,No,0,
TXN500741,ACC250219,2023-06-28 18:39:00,837.36,Spotify,Subscription,Net Banking,Delhi,18,Wednesday,No,No,No,No,0,
TXN500742,ACC359535,2023-06-15 07:49:00,13449.82,Netflix,Subscription,UPI,Kolkata,7,Thursday,No,No,No,No,0,
TXN500743,ACC898867,2023-02-28 01:54:00,3690.37,VPN_Service_Anon,Digital,Card-Not-Present,Singapore,1,Tuesday,Yes,Yes,Yes,No,1,Unknown merchant
TXN500744,ACC103642,2023-07-13 04:40:00,27845.03,TempStore_7721,Unknown,UPI,London,4,Thursday,Yes,Yes,Yes,Yes,1,High amount
TXN500745,ACC884056,2023-04-14 23:10:00,1636.98,Zomato,Food Delivery,UPI,Chennai,23,Friday,No,No,No,No,0,
TXN500746,ACC858243,2023-07-04 13:36:00,14450.67,Paytm Mall,E-commerce,Debit Card,Chennai,13,Tuesday,No,No,No,No,0,
TXN500747,ACC340820,2023-09-14 11:22:00,7705.41,Flipkart,E-commerce,UPI,Delhi,11,Thursday,No,No,No,No,0,
TXN500748,ACC135207,2023-06-02 03:07:00,11566.92,AbroadMerchant_TK,International,UPI,New York,3,Friday,Yes,Yes,Yes,No,1,Velocity breach
TXN500749,ACC700521,2023-05-09 12:45:00,1749.37,Myntra,Apparel,Net Banking,Pune,12,Tuesday,No,No,No,No,0,
TXN500750,ACC913761,2023-12-24 03:37:00,2419.57,PhonePe Wallet,Wallet,Debit Card,Pune,3,Sunday,No,No,No,No,0,
TXN500751,ACC240718,2023-03-13 06:35:00,1852.14,Spotify,Subscription,UPI,Ahmedabad,6,Monday,No,No,No,No,0,
TXN500752,ACC434394,2023-11-09 22:53:00,1624.6,Netflix,Subscription,Debit Card,Ahmedabad,22,Thursday,No,No,No,No,0,
TXN500753,ACC732063,2023-02-23 01:31:00,733.0,Paytm Mall,E-commerce,UPI,Mumbai,1,Thursday,No,No,No,No,0,
TXN500754,ACC837733,2023-10-01 19:55:00,34112.28,AbroadMerchant_TK,International,Card-Not-Present,Kuala Lumpur,19,Sunday,Yes,No,Yes,Yes,1,High amount
TXN500755,ACC166857,2023-12-23 04:27:00,21369.91,VPN_Service_Anon,Digital,Card-Not-Present,London,4,Saturday,Yes,Yes,Yes,Yes,1,Location anomaly
TXN500756,ACC176577,2023-06-30 06:21:00,2130.65,Zomato,Food Delivery,UPI,Mumbai,6,Friday,No,No,No,No,0,
TXN500757,ACC329021,2023-01-30 02:03:00,601.06,BigBasket,Grocery,Debit Card,Pune,2,Monday,No,No,No,No,0,
TXN500758,ACC462974,2023-12-03 03:42:00,451.43,Swiggy,Food Delivery,Net Banking,Chennai,3,Sunday,No,No,No,No,0,
TXN500759,ACC706403,2023-10-10 09:55:00,526.2,Ola Cabs,Transport,Credit Card,Mumbai,9,Tuesday,No,No,No,No,0,
TXN500760,ACC297636,2023-05-24 02:13:00,1953.08,MakeMyTrip,Travel,Credit Card,Delhi,2,Wednesday,No,No,No,No,0,
TXN500761,ACC360096,2023-01-19 07:44:00,1317.32,PhonePe Wallet,Wallet,Credit Card,Pune,7,Thursday,No,No,No,No,0,
TXN500762,ACC995993,2023-02-13 01:17:00,1239.01,Spotify,Subscription,Debit Card,Chennai,1,Monday,No,No,No,No,0,
TXN500763,ACC464663,2023-09-30 01:42:00,1877.59,BookMyShow,Entertainment,UPI,Pune,1,Saturday,No,No,No,No,0,
TXN500764,ACC295361,2023-06-24 23:53:00,896.45,Flipkart,E-commerce,UPI,Delhi,23,Saturday,No,No,No,No,0,
TXN500765,ACC311976,2023-10-01 14:27:00,14483.97,Flipkart,E-commerce,Debit Card,Chennai,14,Sunday,No,No,No,No,0,
TXN500766,ACC164758,2023-12-16 08:05:00,1163.61,IRCTC,Travel,Credit Card,Hyderabad,8,Saturday,No,No,No,No,0,
TXN500767,ACC538184,2023-03-05 09:36:00,8015.42,Ola Cabs,Transport,Net Banking,Mumbai,9,Sunday,No,No,No,No,0,
TXN500768,ACC956113,2023-09-03 20:54:00,10931.02,TempStore_7721,Unknown,Card-Not-Present,Dubai,20,Sunday,Yes,Yes,Yes,No,1,Off-hours
TXN500769,ACC628705,2023-08-14 05:16:00,556.1,Netflix,Subscription,UPI,Bangalore,5,Monday,No,No,No,No,0,
TXN500770,ACC836038,2023-02-28 20:02:00,1728.11,BigBasket,Grocery,UPI,Mumbai,20,Tuesday,No,No,No,No,0,
TXN500771,ACC891401,2023-01-09 21:54:00,1706.34,Spotify,Subscription,UPI,Delhi,21,Monday,No,No,No,No,0,
TXN500772,ACC170559,2023-02-09 07:13:00,2928.11,Myntra,Apparel,Debit Card,Pune,7,Thursday,No,No,No,No,0,
TXN500773,ACC103161,2023-06-21 13:57:00,18766.67,VPN_Service_Anon,Digital,Card-Not-Present,Singapore,13,Wednesday,Yes,Yes,Yes,No,1,Unknown merchant
TXN500774,ACC346961,2023-10-30 00:06:00,10613.2,TempStore_7721,Unknown,UPI,Singapore,0,Monday,Yes,Yes,Yes,No,1,High amount
TXN500775,ACC403528,2023-12-03 23:09:00,1315.96,Zomato,Food Delivery,UPI,Kolkata,23,Sunday,No,No,No,No,0,
TXN500776,ACC356622,2023-01-27 19:30:00,574.91,Ola Cabs,Transport,Credit Card,Chennai,19,Friday,No,No,No,No,0,
TXN500777,ACC882032,2023-04-29 14:20:00,14448.91,Uber,Transport,UPI,Hyderabad,14,Saturday,No,No,No,No,0,
TXN500778,ACC116405,2023-02-09 11:41:00,925.49,PhonePe Wallet,Wallet,Net Banking,Chennai,11,Thursday,No,No,No,No,0,
TXN500779,ACC600646,2023-11-07 08:50:00,280.03,BookMyShow,Entertainment,UPI,Ahmedabad,8,Tuesday,No,No,No,No,0,
TXN500780,ACC907236,2023-04-03 14:00:00,285.54,BigBasket,Grocery,UPI,Bangalore,14,Monday,No,No,No,No,0,
TXN500781,ACC926236,2023-12-20 05:04:00,1082.15,BigBasket,Grocery,UPI,Kolkata,5,Wednesday,No,No,No,No,0,
TXN500782,ACC257131,2023-03-02 10:57:00,1801.79,Spotify,Subscription,UPI,Delhi,10,Thursday,No,No,No,No,0,
TXN500783,ACC975373,2023-07-29 20:28:00,614.12,Uber,Transport,Debit Card,Delhi,20,Saturday,No,No,No,No,0,
TXN500784,ACC147489,2023-12-12 20:29:00,674.85,Zomato,Food Delivery,Credit Card,Chennai,20,Tuesday,No,No,No,No,0,
TXN500785,ACC398384,2023-10-16 16:57:00,882.04,Paytm Mall,E-commerce,Debit Card,Bangalore,16,Monday,No,No,No,No,0,
TXN500786,ACC485397,2023-08-09 16:17:00,43984.33,TempStore_7721,Unknown,Card-Not-Present,Singapore,16,Wednesday,Yes,Yes,Yes,Yes,1,Unknown merchant
TXN500787,ACC311976,2023-05-21 15:28:00,1776.43,IRCTC,Travel,UPI,Chennai,15,Sunday,No,No,No,No,0,
TXN500788,ACC929179,2023-04-16 17:53:00,103.33,Paytm Mall,E-commerce,Net Banking,Mumbai,17,Sunday,No,No,No,No,0,
TXN500789,ACC619447,2023-07-09 06:18:00,881.68,Flipkart,E-commerce,Net Banking,Delhi,6,Sunday,No,No,No,No,0,
TXN500790,ACC133782,2023-05-15 02:55:00,1986.5,BigBasket,Grocery,UPI,Chennai,2,Monday,No,No,No,No,0,
TXN500791,ACC445637,2023-09-17 10:17:00,31549.04,AbroadMerchant_TK,International,Card-Not-Present,New York,10,Sunday,Yes,No,Yes,Yes,1,Unknown merchant
TXN500792,ACC412886,2023-08-10 03:59:00,1598.68,Uber,Transport,Debit Card,Mumbai,3,Thursday,No,No,No,No,0,
TXN500793,ACC834406,2023-04-23 21:12:00,994.79,BookMyShow,Entertainment,UPI,Chennai,21,Sunday,No,No,No,No,0,
TXN500794,ACC135207,2023-04-20 00:27:00,1434.48,Swiggy,Food Delivery,UPI,Kolkata,0,Thursday,No,No,No,No,0,
TXN500795,ACC423139,2023-09-05 16:42:00,10683.69,BigBasket,Grocery,UPI,Kolkata,16,Tuesday,No,No,No,No,0,
TXN500796,ACC262656,2023-06-01 03:14:00,7454.72,Swiggy,Food Delivery,Debit Card,Hyderabad,3,Thursday,No,No,No,No,0,
TXN500797,ACC525187,2023-04-01 14:20:00,12057.86,Ola Cabs,Transport,UPI,Ahmedabad,14,Saturday,No,No,No,No,0,
TXN500798,ACC675914,2023-01-15 09:17:00,847.56,Paytm Mall,E-commerce,UPI,Pune,9,Sunday,No,No,No,No,0,
TXN500799,ACC528728,2023-08-15 13:25:00,1829.12,BookMyShow,Entertainment,Net Banking,Pune,13,Tuesday,No,No,No,No,0,
TXN500800,ACC958136,2023-03-27 17:13:00,1269.31,Netflix,Subscription,Net Banking,Mumbai,17,Monday,No,No,No,No,0,
TXN500801,ACC535604,2023-06-30 17:04:00,2508.25,VPN_Service_Anon,Digital,UPI,London,17,Friday,Yes,No,Yes,No,1,Velocity breach
TXN500802,ACC560285,2023-07-22 22:14:00,1825.77,BookMyShow,Entertainment,UPI,Mumbai,22,Saturday,No,No,No,No,0,
TXN500803,ACC151040,2023-02-22 16:25:00,356.04,Netflix,Subscription,Credit Card,Mumbai,16,Wednesday,No,No,No,No,0,
TXN500804,ACC166857,2023-12-02 12:08:00,2960.57,Spotify,Subscription,UPI,Mumbai,12,Saturday,No,No,No,No,0,
TXN500805,ACC327823,2023-11-06 04:06:00,1671.37,Uber,Transport,UPI,Kolkata,4,Monday,No,No,No,No,0,
TXN500806,ACC645617,2023-05-21 14:12:00,565.33,Swiggy,Food Delivery,Net Banking,Chennai,14,Sunday,No,No,No,No,0,
TXN500807,ACC389039,2023-05-26 22:34:00,1019.22,Paytm Mall,E-commerce,Net Banking,Delhi,22,Friday,No,No,No,No,0,
TXN500808,ACC926236,2023-07-23 07:28:00,979.77,Myntra,Apparel,UPI,Delhi,7,Sunday,No,No,No,No,0,
TXN500809,ACC902674,2023-10-31 07:05:00,1684.24,BigBasket,Grocery,Net Banking,Mumbai,7,Tuesday,No,No,No,No,0,
TXN500810,ACC851742,2023-06-22 04:02:00,1217.52,Myntra,Apparel,UPI,Ahmedabad,4,Thursday,No,No,No,No,0,
TXN500811,ACC675914,2023-06-14 14:45:00,1053.14,PhonePe Wallet,Wallet,UPI,Kolkata,14,Wednesday,No,No,No,No,0,
TXN500812,ACC520304,2023-01-07 05:33:00,6117.69,VPN_Service_Anon,Digital,NEFT,London,5,Saturday,Yes,Yes,Yes,No,1,Location anomaly
TXN500813,ACC948799,2023-03-29 20:51:00,1116.82,Paytm Mall,E-commerce,Net Banking,Delhi,20,Wednesday,No,No,No,No,0,
TXN500814,ACC837952,2023-09-25 10:39:00,1317.93,MakeMyTrip,Travel,UPI,Hyderabad,10,Monday,No,No,No,No,0,
TXN500815,ACC963355,2023-08-25 06:59:00,3759.41,Myntra,Apparel,Credit Card,Mumbai,6,Friday,No,No,No,No,0,
TXN500816,ACC346961,2023-08-29 02:00:00,1417.86,BookMyShow,Entertainment,UPI,Mumbai,2,Tuesday,No,No,No,No,0,
TXN500817,ACC445637,2023-02-04 11:40:00,77.55,Paytm Mall,E-commerce,UPI,Kolkata,11,Saturday,No,No,No,No,0,
TXN500818,ACC176577,2023-11-16 12:59:00,1144.17,BookMyShow,Entertainment,Credit Card,Chennai,12,Thursday,No,No,No,No,0,
TXN500819,ACC434394,2023-02-22 04:51:00,693.81,Paytm Mall,E-commerce,Debit Card,Ahmedabad,4,Wednesday,No,No,No,No,0,
TXN500820,ACC536045,2023-04-21 02:59:00,1249.1,Netflix,Subscription,Debit Card,Mumbai,2,Friday,No,No,No,No,0,
TXN500821,ACC654531,2023-08-06 21:30:00,7112.21,Myntra,Apparel,Credit Card,Ahmedabad,21,Sunday,No,No,No,No,0,
TXN500822,ACC804667,2023-06-12 16:05:00,373.93,MakeMyTrip,Travel,Net Banking,Bangalore,16,Monday,No,No,No,No,0,
TXN500823,ACC902674,2023-12-22 08:43:00,728.95,Swiggy,Food Delivery,UPI,Ahmedabad,8,Friday,No,No,No,No,0,
TXN500824,ACC665497,2023-04-20 19:35:00,1995.91,MakeMyTrip,Travel,Net Banking,Chennai,19,Thursday,No,No,No,No,0,
TXN500825,ACC626930,2023-01-03 18:19:00,544.83,Myntra,Apparel,UPI,Mumbai,18,Tuesday,No,No,No,No,0,
TXN500826,ACC462974,2023-07-23 01:44:00,12703.23,Uber,Transport,Net Banking,Ahmedabad,1,Sunday,No,No,No,No,0,
TXN500827,ACC913761,2023-02-23 01:23:00,1440.96,Amazon,E-commerce,Net Banking,Delhi,1,Thursday,No,No,No,No,0,
TXN500828,ACC548479,2023-01-29 14:40:00,240.08,Uber,Transport,Credit Card,Mumbai,14,Sunday,No,No,No,No,0,
TXN500829,ACC195359,2023-12-30 05:57:00,10638.44,Flipkart,E-commerce,UPI,Mumbai,5,Saturday,No,No,No,No,0,
TXN500830,ACC744793,2023-03-17 23:17:00,10953.32,Swiggy,Food Delivery,UPI,Bangalore,23,Friday,No,No,No,No,0,
TXN500831,ACC874568,2023-06-09 08:35:00,3119.24,Myntra,Apparel,UPI,Delhi,8,Friday,No,No,No,No,0,
TXN500832,ACC223967,2023-02-14 05:20:00,380.2,Flipkart,E-commerce,UPI,Ahmedabad,5,Tuesday,No,No,No,No,0,
TXN500833,ACC965708,2023-06-07 21:41:00,6036.33,MakeMyTrip,Travel,Debit Card,Pune,21,Wednesday,No,No,No,No,0,
TXN500834,ACC705526,2023-06-11 13:14:00,5834.12,Spotify,Subscription,UPI,Pune,13,Sunday,No,No,No,No,0,
TXN500835,ACC416422,2023-07-06 11:49:00,4216.17,Ola Cabs,Transport,UPI,Bangalore,11,Thursday,No,No,No,No,0,
TXN500836,ACC287143,2023-06-27 20:51:00,1414.32,Ola Cabs,Transport,UPI,Delhi,20,Tuesday,No,No,No,No,0,
TXN500837,ACC724756,2023-04-22 14:16:00,8177.73,Amazon,E-commerce,Credit Card,Hyderabad,14,Saturday,No,No,No,No,0,
TXN500838,ACC139286,2023-06-15 22:06:00,359.56,Ola Cabs,Transport,Debit Card,Delhi,22,Thursday,No,No,No,No,0,
TXN500839,ACC221886,2023-03-25 14:34:00,9716.47,BigBasket,Grocery,Net Banking,Kolkata,14,Saturday,No,No,No,No,0,
TXN500840,ACC359486,2023-07-11 19:21:00,1373.18,PhonePe Wallet,Wallet,Net Banking,Kolkata,19,Tuesday,No,No,No,No,0,
TXN500841,ACC348411,2023-07-25 18:01:00,1848.59,BigBasket,Grocery,Debit Card,Bangalore,18,Tuesday,No,No,No,No,0,
TXN500842,ACC669691,2023-02-16 09:50:00,724.9,Netflix,Subscription,Debit Card,Chennai,9,Thursday,No,No,No,No,0,
TXN500843,ACC581206,2023-04-05 07:54:00,350.57,IRCTC,Travel,Net Banking,Mumbai,7,Wednesday,No,No,No,No,0,
TXN500844,ACC695361,2023-08-30 17:43:00,1830.02,Zomato,Food Delivery,Net Banking,Delhi,17,Wednesday,No,No,No,No,0,
TXN500845,ACC293757,2023-07-24 10:57:00,1648.59,BookMyShow,Entertainment,Net Banking,Hyderabad,10,Monday,No,No,No,No,0,
TXN500846,ACC619447,2023-04-24 19:11:00,2020.69,Netflix,Subscription,UPI,Delhi,19,Monday,No,No,No,No,0,
TXN500847,ACC539605,2023-04-07 01:13:00,1325.39,BookMyShow,Entertainment,Net Banking,Pune,1,Friday,No,No,No,No,0,
TXN500848,ACC262656,2023-01-18 08:26:00,368.91,BigBasket,Grocery,UPI,Hyderabad,8,Wednesday,No,No,No,No,0,
TXN500849,ACC777255,2023-01-07 05:20:00,8319.81,BigBasket,Grocery,UPI,Kolkata,5,Saturday,No,No,No,No,0,
TXN500850,ACC724756,2023-11-21 03:38:00,777.01,Netflix,Subscription,UPI,Hyderabad,3,Tuesday,No,No,No,No,0,
TXN500851,ACC665497,2023-09-30 12:55:00,1898.99,Ola Cabs,Transport,UPI,Chennai,12,Saturday,No,No,No,No,0,
TXN500852,ACC123839,2023-08-11 01:29:00,947.49,BookMyShow,Entertainment,Net Banking,Pune,1,Friday,No,No,No,No,0,
TXN500853,ACC272529,2023-01-13 17:17:00,621.82,BigBasket,Grocery,Credit Card,Delhi,17,Friday,No,No,No,No,0,
TXN500854,ACC146385,2023-07-22 07:11:00,332.06,Swiggy,Food Delivery,Net Banking,Hyderabad,7,Saturday,No,No,No,No,0,
TXN500855,ACC940952,2023-09-26 18:29:00,199.25,Amazon,E-commerce,UPI,Kolkata,18,Tuesday,No,No,No,No,0,
TXN500856,ACC866634,2023-06-22 20:47:00,873.93,BookMyShow,Entertainment,UPI,Kolkata,20,Thursday,No,No,No,No,0,
TXN500857,ACC805200,2023-05-14 09:39:00,2634.81,Paytm Mall,E-commerce,Net Banking,Chennai,9,Sunday,No,No,No,No,0,
TXN500858,ACC421709,2023-05-22 16:42:00,5544.83,Amazon,E-commerce,UPI,Chennai,16,Monday,No,No,No,No,0,
TXN500859,ACC801765,2023-05-21 08:29:00,239.44,Flipkart,E-commerce,UPI,Chennai,8,Sunday,No,No,No,No,0,
TXN500860,ACC806215,2023-10-29 13:40:00,1863.25,Flipkart,E-commerce,Credit Card,Hyderabad,13,Sunday,No,No,No,No,0,
TXN500861,ACC568436,2023-08-25 23:31:00,1087.87,IRCTC,Travel,UPI,Ahmedabad,23,Friday,No,No,No,No,0,
TXN500862,ACC779776,2023-04-17 23:33:00,1514.17,Myntra,Apparel,UPI,Bangalore,23,Monday,No,No,No,No,0,
TXN500863,ACC464663,2023-08-01 00:48:00,1006.98,BookMyShow,Entertainment,UPI,Kolkata,0,Tuesday,No,No,No,No,0,
TXN500864,ACC443856,2023-02-19 12:13:00,4068.53,IRCTC,Travel,Credit Card,Kolkata,12,Sunday,No,No,No,No,0,
TXN500865,ACC184148,2023-11-03 08:20:00,1775.28,Netflix,Subscription,Debit Card,Kolkata,8,Friday,No,No,No,No,0,
TXN500866,ACC948799,2023-08-26 09:52:00,396.37,MakeMyTrip,Travel,UPI,Ahmedabad,9,Saturday,No,No,No,No,0,
TXN500867,ACC409355,2023-07-16 18:41:00,850.07,Zomato,Food Delivery,UPI,Delhi,18,Sunday,No,No,No,No,0,
TXN500868,ACC492650,2023-01-12 10:39:00,374.59,IRCTC,Travel,UPI,Kolkata,10,Thursday,No,No,No,No,0,
TXN500869,ACC819400,2023-03-24 14:23:00,1877.42,Uber,Transport,Credit Card,Bangalore,14,Friday,No,No,No,No,0,
TXN500870,ACC885386,2023-04-16 18:29:00,12289.85,AbroadMerchant_TK,International,NEFT,New York,18,Sunday,Yes,Yes,Yes,No,1,Velocity breach
TXN500871,ACC744793,2023-11-25 03:51:00,1683.86,Flipkart,E-commerce,UPI,Mumbai,3,Saturday,No,No,No,No,0,
TXN500872,ACC540781,2023-09-24 15:55:00,3564.69,AbroadMerchant_TK,International,UPI,Unknown,15,Sunday,Yes,No,Yes,No,1,Off-hours
TXN500873,ACC521805,2023-01-13 14:30:00,1465.76,Spotify,Subscription,Net Banking,Hyderabad,14,Friday,No,No,No,No,0,
TXN500874,ACC170559,2023-11-19 20:28:00,1585.48,Zomato,Food Delivery,Credit Card,Bangalore,20,Sunday,No,No,No,No,0,
TXN500875,ACC160541,2023-03-14 07:50:00,2962.9,PhonePe Wallet,Wallet,Credit Card,Chennai,7,Tuesday,No,No,No,No,0,
TXN500876,ACC863214,2023-06-19 14:44:00,1534.58,BookMyShow,Entertainment,Debit Card,Mumbai,14,Monday,No,No,No,No,0,
TXN500877,ACC434394,2023-07-05 22:18:00,8178.7,BookMyShow,Entertainment,Debit Card,Pune,22,Wednesday,No,No,No,No,0,
TXN500878,ACC520304,2023-03-17 19:18:00,104.61,Spotify,Subscription,UPI,Bangalore,19,Friday,No,No,No,No,0,
TXN500879,ACC328486,2023-09-18 23:55:00,20321.53,TempStore_7721,Unknown,ATM,New York,23,Monday,Yes,Yes,Yes,Yes,1,Velocity breach
TXN500880,ACC744793,2023-06-10 16:23:00,996.23,Zomato,Food Delivery,Net Banking,Ahmedabad,16,Saturday,No,No,No,No,0,
TXN500881,ACC590755,2023-06-25 07:19:00,11254.06,IntlCharge_8827,International,Card-Not-Present,Singapore,7,Sunday,Yes,No,Yes,No,1,Velocity breach
TXN500882,ACC806215,2023-10-19 20:58:00,1699.2,Amazon,E-commerce,Credit Card,Chennai,20,Thursday,No,No,No,No,0,
TXN500883,ACC903028,2023-11-17 03:21:00,181.04,Paytm Mall,E-commerce,Net Banking,Mumbai,3,Friday,No,No,No,No,0,
TXN500884,ACC965708,2023-05-06 08:51:00,4968.42,Uber,Transport,UPI,Bangalore,8,Saturday,No,No,No,No,0,
TXN500885,ACC568449,2023-10-10 08:05:00,174.15,Uber,Transport,Debit Card,Mumbai,8,Tuesday,No,No,No,No,0,
TXN500886,ACC646571,2023-10-25 15:29:00,1573.75,Swiggy,Food Delivery,UPI,Ahmedabad,15,Wednesday,No,No,No,No,0,
TXN500887,ACC359535,2023-04-12 03:34:00,469.24,Flipkart,E-commerce,UPI,Ahmedabad,3,Wednesday,No,No,No,No,0,
TXN500888,ACC412856,2023-01-01 08:48:00,394.24,Zomato,Food Delivery,Credit Card,Pune,8,Sunday,No,No,No,No,0,
TXN500889,ACC329021,2023-06-24 08:43:00,1270.55,Paytm Mall,E-commerce,UPI,Ahmedabad,8,Saturday,No,No,No,No,0,
TXN500890,ACC316092,2023-08-29 15:10:00,14028.84,BigBasket,Grocery,UPI,Hyderabad,15,Tuesday,No,No,No,No,0,
TXN500891,ACC223967,2023-04-10 03:48:00,465.77,IRCTC,Travel,UPI,Pune,3,Monday,No,No,No,No,0,
TXN500892,ACC379963,2023-06-15 05:12:00,357.99,Netflix,Subscription,UPI,Ahmedabad,5,Thursday,No,No,No,No,0,
TXN500893,ACC493892,2023-05-18 07:59:00,642.06,BookMyShow,Entertainment,UPI,Hyderabad,7,Thursday,No,No,No,No,0,
TXN500894,ACC813341,2023-08-06 18:25:00,837.96,Netflix,Subscription,Net Banking,Bangalore,18,Sunday,No,No,No,No,0,
TXN500895,ACC138105,2023-12-27 06:13:00,6184.0,Ola Cabs,Transport,UPI,Hyderabad,6,Wednesday,No,No,No,No,0,
TXN500896,ACC426084,2023-04-21 19:32:00,6231.28,PhonePe Wallet,Wallet,UPI,Ahmedabad,19,Friday,No,No,No,No,0,
TXN500897,ACC401036,2023-12-19 22:31:00,781.29,IRCTC,Travel,UPI,Pune,22,Tuesday,No,No,No,No,0,
TXN500898,ACC674251,2023-02-26 15:08:00,682.86,MakeMyTrip,Travel,UPI,Bangalore,15,Sunday,No,No,No,No,0,
TXN500899,ACC426084,2023-10-15 02:28:00,1338.35,IRCTC,Travel,Debit Card,Mumbai,2,Sunday,No,No,No,No,0,
TXN500900,ACC386090,2023-12-25 22:47:00,754.4,Myntra,Apparel,Credit Card,Bangalore,22,Monday,No,No,No,No,0,
TXN500901,ACC806215,2023-07-05 10:12:00,555.1,Ola Cabs,Transport,UPI,Delhi,10,Wednesday,No,No,No,No,0,
TXN500902,ACC906325,2023-09-07 01:53:00,167.56,Paytm Mall,E-commerce,UPI,Hyderabad,1,Thursday,No,No,No,No,0,
TXN500903,ACC436241,2023-06-20 20:04:00,229.68,Uber,Transport,UPI,Delhi,20,Tuesday,No,No,No,No,0,
TXN500904,ACC525110,2023-02-07 21:27:00,1767.05,Spotify,Subscription,Debit Card,Delhi,21,Tuesday,No,No,No,No,0,
TXN500905,ACC160541,2023-08-21 16:49:00,1784.32,Uber,Transport,UPI,Mumbai,16,Monday,No,No,No,No,0,
TXN500906,ACC138105,2023-01-05 07:20:00,11981.12,Zomato,Food Delivery,UPI,Chennai,7,Thursday,No,No,No,No,0,
TXN500907,ACC348411,2023-03-20 06:49:00,451.98,BigBasket,Grocery,UPI,Bangalore,6,Monday,No,No,No,No,0,
TXN500908,ACC302177,2023-06-17 10:59:00,443.32,IRCTC,Travel,Credit Card,Chennai,10,Saturday,No,No,No,No,0,
TXN500909,ACC654531,2023-03-05 12:01:00,43382.4,AbroadMerchant_TK,International,ATM,Kuala Lumpur,12,Sunday,Yes,Yes,Yes,Yes,1,Location anomaly
TXN500910,ACC903028,2023-04-12 06:49:00,1200.92,Zomato,Food Delivery,Debit Card,Bangalore,6,Wednesday,No,No,No,No,0,
TXN500911,ACC902674,2023-11-06 11:47:00,8589.83,Myntra,Apparel,UPI,Pune,11,Monday,No,No,No,No,0,
TXN500912,ACC412856,2023-01-09 00:24:00,20045.0,AbroadMerchant_TK,International,UPI,Dubai,0,Monday,Yes,Yes,Yes,Yes,1,Unknown merchant
TXN500913,ACC287143,2023-11-30 09:14:00,809.89,Uber,Transport,UPI,Hyderabad,9,Thursday,No,No,No,No,0,
TXN500914,ACC329021,2023-04-01 18:00:00,323.43,BigBasket,Grocery,Credit Card,Pune,18,Saturday,No,No,No,No,0,
TXN500915,ACC445637,2023-08-03 05:11:00,1628.36,MakeMyTrip,Travel,Debit Card,Delhi,5,Thursday,No,No,No,No,0,
TXN500916,ACC223119,2023-06-06 12:40:00,45452.68,CryptoExch_Anon,Crypto,UPI,Singapore,12,Tuesday,Yes,Yes,Yes,Yes,1,Location anomaly
TXN500917,ACC497700,2023-01-18 23:55:00,140.67,BigBasket,Grocery,UPI,Bangalore,23,Wednesday,No,No,No,No,0,
TXN500918,ACC577079,2023-02-17 13:04:00,48437.11,UnknownMerchant_XYZ,Unknown,NEFT,Unknown,13,Friday,Yes,No,Yes,Yes,1,High amount
TXN500919,ACC661147,2023-06-09 15:30:00,1810.62,MakeMyTrip,Travel,Net Banking,Ahmedabad,15,Friday,No,No,No,No,0,
TXN500920,ACC805200,2023-04-11 04:14:00,303.12,Paytm Mall,E-commerce,Credit Card,Kolkata,4,Tuesday,No,No,No,No,0,
TXN500921,ACC894068,2023-05-08 07:16:00,1435.4,BigBasket,Grocery,Credit Card,Bangalore,7,Monday,No,No,No,No,0,
TXN500922,ACC373453,2023-10-24 23:59:00,1816.73,Spotify,Subscription,UPI,Bangalore,23,Tuesday,No,No,No,No,0,
TXN500923,ACC139286,2023-05-02 05:25:00,4440.73,Myntra,Apparel,Debit Card,Ahmedabad,5,Tuesday,No,No,No,No,0,
TXN500924,ACC185847,2023-10-07 14:07:00,1548.6,Uber,Transport,Credit Card,Pune,14,Saturday,No,No,No,No,0,
TXN500925,ACC860242,2023-10-09 14:42:00,1062.19,Swiggy,Food Delivery,UPI,Kolkata,14,Monday,No,No,No,No,0,
TXN500926,ACC891030,2023-03-06 03:14:00,41511.56,AbroadMerchant_TK,International,UPI,Dubai,3,Monday,Yes,Yes,Yes,Yes,1,Unknown merchant
TXN500927,ACC663356,2023-10-11 02:55:00,1649.05,Paytm Mall,E-commerce,UPI,Chennai,2,Wednesday,No,No,No,No,0,
TXN500928,ACC515182,2023-09-27 19:49:00,1084.6,BigBasket,Grocery,Credit Card,Bangalore,19,Wednesday,No,No,No,No,0,
TXN500929,ACC700705,2023-11-22 20:54:00,9030.68,Flipkart,E-commerce,Credit Card,Chennai,20,Wednesday,No,No,No,No,0,
TXN500930,ACC772687,2023-06-01 12:57:00,48600.87,TempStore_7721,Unknown,NEFT,Unknown,12,Thursday,Yes,Yes,Yes,Yes,1,Velocity breach
TXN500931,ACC995993,2023-01-01 02:16:00,1133.73,Uber,Transport,Net Banking,Mumbai,2,Sunday,No,No,No,No,0,
TXN500932,ACC262656,2023-03-24 07:25:00,1203.26,Netflix,Subscription,Debit Card,Delhi,7,Friday,No,No,No,No,0,
TXN500933,ACC691573,2023-03-13 12:07:00,346.1,Uber,Transport,UPI,Hyderabad,12,Monday,No,No,No,No,0,
TXN500934,ACC726822,2023-06-09 16:06:00,1275.66,Netflix,Subscription,Debit Card,Ahmedabad,16,Friday,No,No,No,No,0,
TXN500935,ACC685941,2023-05-20 01:24:00,5686.12,CryptoExch_Anon,Crypto,NEFT,Unknown,1,Saturday,Yes,No,Yes,No,1,Velocity breach
TXN500936,ACC860242,2023-05-30 07:33:00,1476.93,Swiggy,Food Delivery,UPI,Ahmedabad,7,Tuesday,No,No,No,No,0,
TXN500937,ACC815894,2023-01-30 20:06:00,1478.26,Spotify,Subscription,UPI,Kolkata,20,Monday,No,No,No,No,0,
TXN500938,ACC366817,2023-02-12 00:06:00,1015.2,Uber,Transport,UPI,Delhi,0,Sunday,No,No,No,No,0,
TXN500939,ACC705526,2023-07-12 19:33:00,1854.22,Spotify,Subscription,UPI,Delhi,19,Wednesday,No,No,No,No,0,
TXN500940,ACC894139,2023-07-04 18:43:00,817.8,Uber,Transport,Net Banking,Ahmedabad,18,Tuesday,No,No,No,No,0,
TXN500941,ACC804667,2023-01-20 12:52:00,1566.38,Netflix,Subscription,UPI,Mumbai,12,Friday,No,No,No,No,0,
TXN500942,ACC409355,2023-05-30 13:51:00,544.35,Amazon,E-commerce,Debit Card,Hyderabad,13,Tuesday,No,No,No,No,0,
TXN500943,ACC398384,2023-06-16 14:44:00,458.29,Ola Cabs,Transport,Credit Card,Kolkata,14,Friday,No,No,No,No,0,
TXN500944,ACC477017,2023-09-13 02:21:00,1680.66,Myntra,Apparel,UPI,Delhi,2,Wednesday,No,No,No,No,0,
TXN500945,ACC777255,2023-06-10 19:31:00,9350.11,VPN_Service_Anon,Digital,ATM,Unknown,19,Saturday,Yes,Yes,Yes,No,1,High amount
TXN500946,ACC512151,2023-07-05 05:10:00,655.53,Myntra,Apparel,Net Banking,Bangalore,5,Wednesday,No,No,No,No,0,
TXN500947,ACC446747,2023-04-12 02:05:00,839.04,Uber,Transport,Net Banking,Hyderabad,2,Wednesday,No,No,No,No,0,
TXN500948,ACC595002,2023-02-23 23:52:00,623.13,MakeMyTrip,Travel,UPI,Ahmedabad,23,Thursday,No,No,No,No,0,
TXN500949,ACC379963,2023-12-08 08:01:00,13376.77,PhonePe Wallet,Wallet,Debit Card,Chennai,8,Friday,No,No,No,No,0,
TXN500950,ACC940952,2023-01-11 19:30:00,20755.15,AbroadMerchant_TK,International,ATM,New York,19,Wednesday,Yes,Yes,Yes,Yes,1,Velocity breach
TXN500951,ACC250219,2023-07-24 20:36:00,559.91,MakeMyTrip,Travel,Net Banking,Pune,20,Monday,No,No,No,No,0,
TXN500952,ACC675914,2023-06-13 17:22:00,312.26,Swiggy,Food Delivery,UPI,Bangalore,17,Tuesday,No,No,No,No,0,
TXN500953,ACC352356,2023-12-29 15:34:00,1661.27,Myntra,Apparel,Credit Card,Ahmedabad,15,Friday,No,No,No,No,0,
TXN500954,ACC669691,2023-08-24 19:28:00,2287.5,PhonePe Wallet,Wallet,Credit Card,Mumbai,19,Thursday,No,No,No,No,0,
TXN500955,ACC502206,2023-02-02 21:22:00,1911.73,Swiggy,Food Delivery,Net Banking,Ahmedabad,21,Thursday,No,No,No,No,0,
TXN500956,ACC293757,2023-07-22 06:42:00,5023.34,PhonePe Wallet,Wallet,UPI,Bangalore,6,Saturday,No,No,No,No,0,
TXN500957,ACC612573,2023-01-04 19:03:00,1521.21,Uber,Transport,UPI,Kolkata,19,Wednesday,No,No,No,No,0,
TXN500958,ACC626930,2023-05-08 19:49:00,1979.7,Netflix,Subscription,UPI,Hyderabad,19,Monday,No,No,No,No,0,
TXN500959,ACC864715,2023-10-21 22:43:00,40254.65,AbroadMerchant_TK,International,NEFT,Unknown,22,Saturday,Yes,Yes,Yes,Yes,1,Unknown merchant
TXN500960,ACC851742,2023-07-01 05:45:00,1024.38,Zomato,Food Delivery,UPI,Hyderabad,5,Saturday,No,No,No,No,0,
TXN500961,ACC160541,2023-08-20 03:33:00,1964.92,BookMyShow,Entertainment,Debit Card,Delhi,3,Sunday,No,No,No,No,0,
TXN500962,ACC356622,2023-01-07 00:20:00,15347.57,AbroadMerchant_TK,International,UPI,New York,0,Saturday,Yes,Yes,Yes,No,1,Velocity breach
TXN500963,ACC539605,2023-04-04 17:13:00,1382.2,Myntra,Apparel,UPI,Ahmedabad,17,Tuesday,No,No,No,No,0,
TXN500964,ACC347781,2023-09-17 04:52:00,917.96,Spotify,Subscription,Credit Card,Pune,4,Sunday,No,No,No,No,0,
TXN500965,ACC800224,2023-10-30 16:10:00,24907.17,UnknownMerchant_XYZ,Unknown,ATM,New York,16,Monday,Yes,No,Yes,Yes,1,Unknown merchant
TXN500966,ACC159185,2023-07-19 14:07:00,5112.87,Ola Cabs,Transport,Net Banking,Chennai,14,Wednesday,No,No,No,No,0,
TXN500967,ACC240718,2023-09-03 21:45:00,4983.98,TempStore_7721,Unknown,Card-Not-Present,New York,21,Sunday,Yes,No,Yes,No,1,Unknown merchant
TXN500968,ACC434394,2023-10-22 22:34:00,6164.11,Paytm Mall,E-commerce,Credit Card,Chennai,22,Sunday,No,No,No,No,0,
TXN500969,ACC239449,2023-07-26 13:24:00,8293.36,Swiggy,Food Delivery,Net Banking,Pune,13,Wednesday,No,No,No,No,0,
TXN500970,ACC311976,2023-12-17 22:03:00,416.75,Paytm Mall,E-commerce,UPI,Hyderabad,22,Sunday,No,No,No,No,0,
TXN500971,ACC295361,2023-01-25 09:24:00,17620.34,IntlCharge_8827,International,Card-Not-Present,New York,9,Wednesday,Yes,No,Yes,No,1,High amount
TXN500972,ACC837449,2023-04-02 16:23:00,1825.79,Ola Cabs,Transport,UPI,Hyderabad,16,Sunday,No,No,No,No,0,
TXN500973,ACC948799,2023-04-16 18:40:00,451.76,Flipkart,E-commerce,Debit Card,Mumbai,18,Sunday,No,No,No,No,0,
TXN500974,ACC638179,2023-04-01 12:52:00,1683.69,IRCTC,Travel,Net Banking,Pune,12,Saturday,No,No,No,No,0,
TXN500975,ACC315379,2023-04-15 20:47:00,860.98,MakeMyTrip,Travel,Net Banking,Chennai,20,Saturday,No,No,No,No,0,
TXN500976,ACC283568,2023-11-17 22:25:00,1407.2,Amazon,E-commerce,Debit Card,Delhi,22,Friday,No,No,No,No,0,
TXN500977,ACC902674,2023-02-04 05:34:00,11295.3,Myntra,Apparel,UPI,Pune,5,Saturday,No,No,No,No,0,
TXN500978,ACC910065,2023-05-14 03:48:00,3124.54,Swiggy,Food Delivery,Debit Card,Chennai,3,Sunday,No,No,No,No,0,
TXN500979,ACC109717,2023-08-29 15:06:00,495.86,Swiggy,Food Delivery,Net Banking,Chennai,15,Tuesday,No,No,No,No,0,
TXN500980,ACC512151,2023-03-15 14:38:00,1870.55,Netflix,Subscription,UPI,Hyderabad,14,Wednesday,No,No,No,No,0,
TXN500981,ACC890371,2023-06-24 08:58:00,441.27,BigBasket,Grocery,UPI,Pune,8,Saturday,No,No,No,No,0,
TXN500982,ACC588002,2023-11-18 06:21:00,36072.27,VPN_Service_Anon,Digital,NEFT,Dubai,6,Saturday,Yes,Yes,Yes,Yes,1,Velocity breach
TXN500983,ACC311976,2023-10-13 05:09:00,1930.14,Paytm Mall,E-commerce,UPI,Bangalore,5,Friday,No,No,No,No,0,
TXN500984,ACC147489,2023-01-20 04:57:00,2759.43,Swiggy,Food Delivery,Debit Card,Delhi,4,Friday,No,No,No,No,0,
TXN500985,ACC109717,2023-10-16 17:04:00,1877.56,Amazon,E-commerce,Net Banking,Kolkata,17,Monday,No,No,No,No,0,
TXN500986,ACC593699,2023-12-16 15:39:00,1976.56,BookMyShow,Entertainment,UPI,Ahmedabad,15,Saturday,No,No,No,No,0,
TXN500987,ACC577079,2023-03-15 09:40:00,1998.32,Uber,Transport,Net Banking,Mumbai,9,Wednesday,No,No,No,No,0,
TXN500988,ACC107161,2023-01-22 14:26:00,1975.6,Uber,Transport,Net Banking,Chennai,14,Sunday,No,No,No,No,0,
TXN500989,ACC493892,2023-08-24 23:28:00,953.86,PhonePe Wallet,Wallet,Debit Card,Chennai,23,Thursday,No,No,No,No,0,
TXN500990,ACC525110,2023-10-19 06:55:00,9126.67,Uber,Transport,UPI,Hyderabad,6,Thursday,No,No,No,No,0,
TXN500991,ACC288724,2023-03-14 15:06:00,12069.51,Paytm Mall,E-commerce,Debit Card,Mumbai,15,Tuesday,No,No,No,No,0,
TXN500992,ACC628373,2023-03-22 21:24:00,11021.6,MakeMyTrip,Travel,Credit Card,Bangalore,21,Wednesday,No,No,No,No,0,
TXN500993,ACC434394,2023-03-21 20:25:00,435.73,Flipkart,E-commerce,Credit Card,Ahmedabad,20,Tuesday,No,No,No,No,0,
TXN500994,ACC876513,2023-11-18 01:43:00,1584.58,Swiggy,Food Delivery,UPI,Hyderabad,1,Saturday,No,No,No,No,0,
TXN500995,ACC366817,2023-04-14 23:09:00,6101.5,IRCTC,Travel,Credit Card,Ahmedabad,23,Friday,No,No,No,No,0,
TXN500996,ACC700521,2023-06-05 03:51:00,3539.73,Paytm Mall,E-commerce,UPI,Bangalore,3,Monday,No,No,No,No,0,
TXN500997,ACC497700,2023-12-25 08:44:00,3906.4,Spotify,Subscription,UPI,Delhi,8,Monday,No,No,No,No,0,
TXN500998,ACC163182,2023-08-31 12:30:00,6710.99,BigBasket,Grocery,Net Banking,Bangalore,12,Thursday,No,No,No,No,0,
TXN500999,ACC218326,2023-12-10 18:22:00,771.44,MakeMyTrip,Travel,Debit Card,Kolkata,18,Sunday,No,No,No,No,0,
TXN501000,ACC837733,2023-11-21 10:18:00,39648.66,VPN_Service_Anon,Digital,UPI,Dubai,10,Tuesday,Yes,No,Yes,Yes,1,High amount
TXN501001,ACC493892,2023-03-28 11:54:00,9641.36,CryptoExch_Anon,Crypto,Card-Not-Present,Singapore,11,Tuesday,Yes,Yes,Yes,No,1,Unknown merchant
TXN501002,ACC772464,2023-11-29 07:44:00,5546.88,BookMyShow,Entertainment,Credit Card,Delhi,7,Wednesday,No,No,No,No,0,
TXN501003,ACC801765,2023-11-16 00:47:00,87.46,Flipkart,E-commerce,UPI,Pune,0,Thursday,No,No,No,No,0,
TXN501004,ACC706403,2023-09-20 13:26:00,9180.97,Uber,Transport,Credit Card,Pune,13,Wednesday,No,No,No,No,0,
TXN501005,ACC103642,2023-12-10 02:51:00,45670.5,VPN_Service_Anon,Digital,Card-Not-Present,New York,2,Sunday,Yes,Yes,Yes,Yes,1,Velocity breach
TXN501006,ACC302544,2023-05-05 02:11:00,176.67,Myntra,Apparel,UPI,Mumbai,2,Friday,No,No,No,No,0,
TXN501007,ACC685941,2023-11-13 02:09:00,31324.39,TempStore_7721,Unknown,UPI,Unknown,2,Monday,Yes,No,Yes,Yes,1,Location anomaly
TXN501008,ACC649787,2023-12-27 04:12:00,1504.82,MakeMyTrip,Travel,UPI,Kolkata,4,Wednesday,No,No,No,No,0,
TXN501009,ACC576419,2023-02-10 12:20:00,978.29,Ola Cabs,Transport,Credit Card,Ahmedabad,12,Friday,No,No,No,No,0,
TXN501010,ACC992400,2023-08-15 05:32:00,1949.67,Amazon,E-commerce,UPI,Delhi,5,Tuesday,No,No,No,No,0,
TXN501011,ACC267475,2023-04-06 10:48:00,1205.0,IRCTC,Travel,Net Banking,Chennai,10,Thursday,No,No,No,No,0,
TXN501012,ACC805448,2023-05-04 16:00:00,1786.58,Ola Cabs,Transport,Net Banking,Delhi,16,Thursday,No,No,No,No,0,
TXN501013,ACC240718,2023-11-14 13:05:00,1540.65,Ola Cabs,Transport,UPI,Hyderabad,13,Tuesday,No,No,No,No,0,
TXN501014,ACC882032,2023-12-24 21:38:00,1467.94,Ola Cabs,Transport,Credit Card,Ahmedabad,21,Sunday,No,No,No,No,0,
TXN501015,ACC902674,2023-06-10 17:47:00,7326.52,IRCTC,Travel,Net Banking,Hyderabad,17,Saturday,No,No,No,No,0,
TXN501016,ACC670892,2023-08-20 04:09:00,97.74,Uber,Transport,UPI,Kolkata,4,Sunday,No,No,No,No,0,
TXN501017,ACC706403,2023-01-08 13:50:00,1340.46,Spotify,Subscription,Net Banking,Mumbai,13,Sunday,No,No,No,No,0,
TXN501018,ACC837952,2023-06-22 06:01:00,641.87,PhonePe Wallet,Wallet,Net Banking,Chennai,6,Thursday,No,No,No,No,0,
TXN501019,ACC539605,2023-08-10 13:54:00,739.07,BigBasket,Grocery,UPI,Ahmedabad,13,Thursday,No,No,No,No,0,
TXN501020,ACC675914,2023-09-23 15:51:00,650.61,IRCTC,Travel,UPI,Kolkata,15,Saturday,No,No,No,No,0,
TXN501021,ACC801765,2023-09-29 09:21:00,9349.26,Uber,Transport,UPI,Delhi,9,Friday,No,No,No,No,0,
TXN501022,ACC493892,2023-05-07 06:20:00,13904.59,Uber,Transport,UPI,Pune,6,Sunday,No,No,No,No,0,
TXN501023,ACC638179,2023-12-24 06:57:00,1574.11,BigBasket,Grocery,Net Banking,Chennai,6,Sunday,No,No,No,No,0,
TXN501024,ACC138105,2023-06-10 16:56:00,8880.06,Swiggy,Food Delivery,UPI,Pune,16,Saturday,No,No,No,No,0,
TXN501025,ACC819400,2023-05-22 22:09:00,530.84,Myntra,Apparel,UPI,Hyderabad,22,Monday,No,No,No,No,0,
TXN501026,ACC373453,2023-05-20 10:31:00,1229.3,Myntra,Apparel,UPI,Pune,10,Saturday,No,No,No,No,0,
TXN501027,ACC626930,2023-09-26 16:18:00,39545.14,IntlCharge_8827,International,Card-Not-Present,Unknown,16,Tuesday,Yes,Yes,Yes,Yes,1,Unknown merchant
TXN501028,ACC272529,2023-01-13 00:41:00,203.48,Ola Cabs,Transport,UPI,Ahmedabad,0,Friday,No,No,No,No,0,
TXN501029,ACC445637,2023-11-01 14:48:00,11181.86,Myntra,Apparel,Debit Card,Pune,14,Wednesday,No,No,No,No,0,
TXN501030,ACC947975,2023-01-09 03:03:00,12813.46,Spotify,Subscription,UPI,Mumbai,3,Monday,No,No,No,No,0,
TXN501031,ACC947975,2023-07-22 05:20:00,1680.34,Flipkart,E-commerce,UPI,Mumbai,5,Saturday,No,No,No,No,0,
TXN501032,ACC200018,2023-09-12 02:59:00,322.83,Swiggy,Food Delivery,Credit Card,Hyderabad,2,Tuesday,No,No,No,No,0,
TXN501033,ACC570325,2023-06-25 02:31:00,1073.12,Zomato,Food Delivery,Debit Card,Delhi,2,Sunday,No,No,No,No,0,
TXN501034,ACC525187,2023-05-14 07:15:00,1137.48,Amazon,E-commerce,UPI,Ahmedabad,7,Sunday,No,No,No,No,0,
TXN501035,ACC836038,2023-03-20 04:32:00,16181.04,CryptoExch_Anon,Crypto,NEFT,Kuala Lumpur,4,Monday,Yes,Yes,Yes,No,1,Off-hours
TXN501036,ACC133782,2023-01-13 21:45:00,182.52,Uber,Transport,UPI,Ahmedabad,21,Friday,No,No,No,No,0,
TXN501037,ACC581206,2023-10-25 11:32:00,346.9,MakeMyTrip,Travel,UPI,Pune,11,Wednesday,No,No,No,No,0,
TXN501038,ACC133276,2023-03-23 06:48:00,1800.96,Flipkart,E-commerce,UPI,Ahmedabad,6,Thursday,No,No,No,No,0,
TXN501039,ACC205797,2023-07-27 06:11:00,1619.04,Swiggy,Food Delivery,UPI,Pune,6,Thursday,No,No,No,No,0,
TXN501040,ACC563303,2023-07-04 14:03:00,1270.93,Ola Cabs,Transport,UPI,Pune,14,Tuesday,No,No,No,No,0,
TXN501041,ACC800224,2023-06-20 06:31:00,688.35,Uber,Transport,Net Banking,Ahmedabad,6,Tuesday,No,No,No,No,0,
TXN501042,ACC630041,2023-12-08 07:04:00,259.16,Flipkart,E-commerce,UPI,Pune,7,Friday,No,No,No,No,0,
TXN501043,ACC163182,2023-10-18 05:06:00,1943.33,Amazon,E-commerce,Credit Card,Delhi,5,Wednesday,No,No,No,No,0,
TXN501044,ACC516278,2023-06-02 01:57:00,562.32,Swiggy,Food Delivery,UPI,Delhi,1,Friday,No,No,No,No,0,
TXN501045,ACC885386,2023-09-01 05:00:00,1746.09,Swiggy,Food Delivery,UPI,Pune,5,Friday,No,No,No,No,0,
TXN501046,ACC462974,2023-02-02 23:44:00,2483.1,BigBasket,Grocery,Net Banking,Ahmedabad,23,Thursday,No,No,No,No,0,
TXN501047,ACC538184,2023-10-23 01:42:00,1758.93,Swiggy,Food Delivery,UPI,Pune,1,Monday,No,No,No,No,0,
TXN501048,ACC267475,2023-05-01 22:28:00,12860.1,Netflix,Subscription,Debit Card,Ahmedabad,22,Monday,No,No,No,No,0,
TXN501049,ACC398384,2023-05-27 11:05:00,1111.95,Flipkart,E-commerce,Credit Card,Bangalore,11,Saturday,No,No,No,No,0,
TXN501050,ACC946112,2023-07-28 05:37:00,3919.23,Zomato,Food Delivery,Credit Card,Kolkata,5,Friday,No,No,No,No,0,
TXN501051,ACC853504,2023-11-05 08:56:00,749.4,BigBasket,Grocery,Credit Card,Mumbai,8,Sunday,No,No,No,No,0,
TXN501052,ACC373453,2023-11-03 10:34:00,360.88,Ola Cabs,Transport,UPI,Kolkata,10,Friday,No,No,No,No,0,
TXN501053,ACC997734,2023-09-14 17:02:00,57.88,Paytm Mall,E-commerce,UPI,Chennai,17,Thursday,No,No,No,No,0,
TXN501054,ACC578987,2023-09-08 03:20:00,8800.57,Uber,Transport,UPI,Chennai,3,Friday,No,No,No,No,0,
TXN501055,ACC540781,2023-12-19 03:14:00,1305.61,Ola Cabs,Transport,Net Banking,Delhi,3,Tuesday,No,No,No,No,0,
TXN501056,ACC948102,2023-12-22 09:15:00,1659.2,Netflix,Subscription,UPI,Mumbai,9,Friday,No,No,No,No,0,
TXN501057,ACC548479,2023-04-17 05:52:00,3613.17,VPN_Service_Anon,Digital,NEFT,Singapore,5,Monday,Yes,Yes,Yes,No,1,High amount
TXN501058,ACC864715,2023-01-06 22:38:00,10050.35,BookMyShow,Entertainment,UPI,Mumbai,22,Friday,No,No,No,No,0,
TXN501059,ACC403528,2023-09-13 10:22:00,548.78,Amazon,E-commerce,UPI,Kolkata,10,Wednesday,No,No,No,No,0,
TXN501060,ACC858414,2023-12-17 15:01:00,125.41,Zomato,Food Delivery,Debit Card,Delhi,15,Sunday,No,No,No,No,0,
TXN501061,ACC453487,2023-08-21 12:47:00,6027.58,Myntra,Apparel,UPI,Chennai,12,Monday,No,No,No,No,0,
TXN501062,ACC283568,2023-12-17 04:37:00,105.06,Spotify,Subscription,Credit Card,Ahmedabad,4,Sunday,No,No,No,No,0,
TXN501063,ACC133276,2023-10-02 20:46:00,4260.94,Amazon,E-commerce,Debit Card,Pune,20,Monday,No,No,No,No,0,
TXN501064,ACC638179,2023-08-07 03:43:00,48428.84,IntlCharge_8827,International,ATM,Dubai,3,Monday,Yes,Yes,Yes,Yes,1,High amount
TXN501065,ACC133276,2023-12-01 05:49:00,10879.43,Zomato,Food Delivery,UPI,Chennai,5,Friday,No,No,No,No,0,
TXN501066,ACC525187,2023-02-21 05:08:00,1147.4,BigBasket,Grocery,UPI,Kolkata,5,Tuesday,No,No,No,No,0,
TXN501067,ACC176577,2023-11-22 17:06:00,973.63,Zomato,Food Delivery,Credit Card,Delhi,17,Wednesday,No,No,No,No,0,
TXN501068,ACC956113,2023-09-01 12:32:00,524.3,MakeMyTrip,Travel,UPI,Bangalore,12,Friday,No,No,No,No,0,
TXN501069,ACC913761,2023-07-11 17:16:00,180.3,PhonePe Wallet,Wallet,Debit Card,Chennai,17,Tuesday,No,No,No,No,0,
TXN501070,ACC293757,2023-12-26 12:00:00,166.99,Myntra,Apparel,Debit Card,Pune,12,Tuesday,No,No,No,No,0,
TXN501071,ACC940952,2023-09-03 06:12:00,975.78,Ola Cabs,Transport,UPI,Bangalore,6,Sunday,No,No,No,No,0,
TXN501072,ACC170559,2023-03-16 02:30:00,10150.23,Paytm Mall,E-commerce,Debit Card,Hyderabad,2,Thursday,No,No,No,No,0,
TXN501073,ACC540781,2023-01-31 13:02:00,425.58,Spotify,Subscription,Net Banking,Kolkata,13,Tuesday,No,No,No,No,0,
TXN501074,ACC884056,2023-03-07 15:39:00,842.74,Netflix,Subscription,Net Banking,Pune,15,Tuesday,No,No,No,No,0,
TXN501075,ACC224395,2023-11-04 00:26:00,1145.29,Swiggy,Food Delivery,Credit Card,Hyderabad,0,Saturday,No,No,No,No,0,
TXN501076,ACC670892,2023-11-29 10:19:00,14330.45,Spotify,Subscription,UPI,Kolkata,10,Wednesday,No,No,No,No,0,
TXN501077,ACC867051,2023-12-16 19:38:00,707.3,Ola Cabs,Transport,Credit Card,Delhi,19,Saturday,No,No,No,No,0,
TXN501078,ACC837952,2023-05-28 19:32:00,1819.07,IRCTC,Travel,Debit Card,Pune,19,Sunday,No,No,No,No,0,
TXN501079,ACC568127,2023-12-13 13:17:00,1355.89,BookMyShow,Entertainment,Debit Card,Pune,13,Wednesday,No,No,No,No,0,
TXN501080,ACC882032,2023-12-31 17:35:00,1064.22,Myntra,Apparel,Debit Card,Chennai,17,Sunday,No,No,No,No,0,
TXN501081,ACC691303,2023-04-04 20:51:00,14122.29,PhonePe Wallet,Wallet,Debit Card,Hyderabad,20,Tuesday,No,No,No,No,0,
TXN501082,ACC948102,2023-05-10 03:24:00,179.77,Spotify,Subscription,Net Banking,Ahmedabad,3,Wednesday,No,No,No,No,0,
TXN501083,ACC246942,2023-10-26 08:32:00,10165.47,Flipkart,E-commerce,Net Banking,Delhi,8,Thursday,No,No,No,No,0,
TXN501084,ACC711474,2023-03-03 04:11:00,156.28,Swiggy,Food Delivery,UPI,Delhi,4,Friday,No,No,No,No,0,
TXN501085,ACC520304,2023-02-19 23:43:00,1154.81,Zomato,Food Delivery,Credit Card,Pune,23,Sunday,No,No,No,No,0,
TXN501086,ACC536045,2023-04-23 19:38:00,1515.87,Flipkart,E-commerce,Debit Card,Hyderabad,19,Sunday,No,No,No,No,0,
TXN501087,ACC172371,2023-04-15 17:39:00,1493.89,Amazon,E-commerce,UPI,Ahmedabad,17,Saturday,No,No,No,No,0,
TXN501088,ACC540781,2023-04-24 07:29:00,8323.68,TempStore_7721,Unknown,ATM,London,7,Monday,Yes,Yes,Yes,No,1,Location anomaly
TXN501089,ACC813341,2023-08-11 18:55:00,42486.15,TempStore_7721,Unknown,ATM,Unknown,18,Friday,Yes,Yes,Yes,Yes,1,Location anomaly
TXN501090,ACC492650,2023-12-31 14:28:00,1249.35,BigBasket,Grocery,UPI,Chennai,14,Sunday,No,No,No,No,0,
TXN501091,ACC837449,2023-06-25 10:01:00,806.41,PhonePe Wallet,Wallet,UPI,Delhi,10,Sunday,No,No,No,No,0,
TXN501092,ACC166857,2023-03-28 12:13:00,839.95,IRCTC,Travel,UPI,Kolkata,12,Tuesday,No,No,No,No,0,
TXN501093,ACC926236,2023-12-18 18:15:00,1610.2,Ola Cabs,Transport,Net Banking,Hyderabad,18,Monday,No,No,No,No,0,
TXN501094,ACC663356,2023-08-17 13:05:00,12783.29,AbroadMerchant_TK,International,UPI,London,13,Thursday,Yes,Yes,Yes,No,1,Unknown merchant
TXN501095,ACC374258,2023-04-23 18:41:00,1699.51,Paytm Mall,E-commerce,Debit Card,Mumbai,18,Sunday,No,No,No,No,0,
TXN501096,ACC416613,2023-02-17 19:44:00,2550.7,TempStore_7721,Unknown,UPI,Dubai,19,Friday,Yes,Yes,Yes,No,1,Velocity breach
TXN501097,ACC663356,2023-05-23 05:14:00,657.62,Zomato,Food Delivery,Credit Card,Bangalore,5,Tuesday,No,No,No,No,0,
TXN501098,ACC793939,2023-03-27 07:01:00,200.24,Netflix,Subscription,UPI,Bangalore,7,Monday,No,No,No,No,0,
TXN501099,ACC854024,2023-10-11 11:46:00,1867.69,BigBasket,Grocery,UPI,Pune,11,Wednesday,No,No,No,No,0,
TXN501100,ACC744793,2023-09-16 01:25:00,1700.75,BigBasket,Grocery,Net Banking,Pune,1,Saturday,No,No,No,No,0,
TXN501101,ACC826420,2023-12-30 03:45:00,1231.72,IRCTC,Travel,Credit Card,Mumbai,3,Saturday,No,No,No,No,0,
TXN501102,ACC902674,2023-12-13 12:35:00,959.91,Paytm Mall,E-commerce,Credit Card,Kolkata,12,Wednesday,No,No,No,No,0,
TXN501103,ACC540781,2023-03-27 16:54:00,193.16,PhonePe Wallet,Wallet,UPI,Delhi,16,Monday,No,No,No,No,0,
TXN501104,ACC163182,2023-07-12 09:23:00,437.47,Amazon,E-commerce,UPI,Ahmedabad,9,Wednesday,No,No,No,No,0,
TXN501105,ACC439320,2023-11-29 09:25:00,5287.96,IRCTC,Travel,UPI,Ahmedabad,9,Wednesday,No,No,No,No,0,
TXN501106,ACC223119,2023-08-26 04:26:00,1298.04,Amazon,E-commerce,Credit Card,Mumbai,4,Saturday,No,No,No,No,0,
TXN501107,ACC595002,2023-12-01 13:04:00,2526.82,Flipkart,E-commerce,Credit Card,Delhi,13,Friday,No,No,No,No,0,
TXN501108,ACC315379,2023-09-17 05:00:00,1436.65,Swiggy,Food Delivery,UPI,Hyderabad,5,Sunday,No,No,No,No,0,
TXN501109,ACC578987,2023-11-10 14:22:00,9613.08,Flipkart,E-commerce,Net Banking,Ahmedabad,14,Friday,No,No,No,No,0,
TXN501110,ACC109717,2023-12-08 17:46:00,14128.32,Uber,Transport,UPI,Hyderabad,17,Friday,No,No,No,No,0,
TXN501111,ACC568449,2023-03-15 04:48:00,432.85,MakeMyTrip,Travel,UPI,Pune,4,Wednesday,No,No,No,No,0,
TXN501112,ACC626930,2023-08-03 18:12:00,1772.17,Zomato,Food Delivery,UPI,Mumbai,18,Thursday,No,No,No,No,0,
TXN501113,ACC412886,2023-05-16 23:30:00,14022.68,Netflix,Subscription,UPI,Delhi,23,Tuesday,No,No,No,No,0,
TXN501114,ACC584838,2023-11-12 23:23:00,1175.23,Spotify,Subscription,UPI,Hyderabad,23,Sunday,No,No,No,No,0,
TXN501115,ACC726822,2023-12-16 08:51:00,1639.12,Flipkart,E-commerce,UPI,Hyderabad,8,Saturday,No,No,No,No,0,
TXN501116,ACC777255,2023-01-27 18:19:00,257.67,Netflix,Subscription,Net Banking,Chennai,18,Friday,No,No,No,No,0,
TXN501117,ACC409355,2023-12-24 17:32:00,829.71,Myntra,Apparel,UPI,Bangalore,17,Sunday,No,No,No,No,0,
TXN501118,ACC590755,2023-06-10 01:27:00,972.69,Zomato,Food Delivery,Credit Card,Delhi,1,Saturday,No,No,No,No,0,
TXN501119,ACC218326,2023-07-22 18:13:00,524.31,Zomato,Food Delivery,UPI,Bangalore,18,Saturday,No,No,No,No,0,
TXN501120,ACC834406,2023-02-12 03:05:00,1602.58,Swiggy,Food Delivery,UPI,Bangalore,3,Sunday,No,No,No,No,0,
TXN501121,ACC347781,2023-01-17 04:18:00,33952.37,CryptoExch_Anon,Crypto,UPI,Kuala Lumpur,4,Tuesday,Yes,No,Yes,Yes,1,Off-hours
TXN501122,ACC700705,2023-06-08 10:06:00,49814.96,UnknownMerchant_XYZ,Unknown,Card-Not-Present,Dubai,10,Thursday,Yes,No,Yes,Yes,1,Location anomaly
TXN501123,ACC819400,2023-03-29 12:52:00,1250.1,PhonePe Wallet,Wallet,UPI,Bangalore,12,Wednesday,No,No,No,No,0,
TXN501124,ACC925618,2023-03-22 20:49:00,5688.06,Uber,Transport,UPI,Hyderabad,20,Wednesday,No,No,No,No,0,
TXN501125,ACC340820,2023-08-20 11:32:00,1426.03,BookMyShow,Entertainment,UPI,Pune,11,Sunday,No,No,No,No,0,
TXN501126,ACC663628,2023-08-25 04:45:00,3919.84,BigBasket,Grocery,Debit Card,Bangalore,4,Friday,No,No,No,No,0,
TXN501127,ACC969032,2023-06-20 22:20:00,849.27,Flipkart,E-commerce,Net Banking,Chennai,22,Tuesday,No,No,No,No,0,
TXN501128,ACC328486,2023-03-22 12:12:00,111.19,Myntra,Apparel,Net Banking,Ahmedabad,12,Wednesday,No,No,No,No,0,
TXN501129,ACC242007,2023-12-30 10:28:00,1503.3,BigBasket,Grocery,Debit Card,Mumbai,10,Saturday,No,No,No,No,0,
TXN501130,ACC495833,2023-02-17 15:56:00,518.05,Myntra,Apparel,UPI,Chennai,15,Friday,No,No,No,No,0,
TXN501131,ACC412886,2023-01-05 20:23:00,1249.01,Uber,Transport,Debit Card,Chennai,20,Thursday,No,No,No,No,0,
TXN501132,ACC116405,2023-05-21 16:25:00,1081.03,MakeMyTrip,Travel,UPI,Ahmedabad,16,Sunday,No,No,No,No,0,
TXN501133,ACC700521,2023-10-03 14:02:00,12293.9,BookMyShow,Entertainment,Net Banking,Kolkata,14,Tuesday,No,No,No,No,0,
TXN501134,ACC805200,2023-04-29 10:53:00,566.17,Flipkart,E-commerce,Net Banking,Pune,10,Saturday,No,No,No,No,0,
TXN501135,ACC876513,2023-04-28 01:14:00,888.52,Spotify,Subscription,UPI,Kolkata,1,Friday,No,No,No,No,0,
TXN501136,ACC221886,2023-11-04 21:03:00,1978.29,PhonePe Wallet,Wallet,Net Banking,Chennai,21,Saturday,No,No,No,No,0,
TXN501137,ACC238353,2023-04-01 17:41:00,5192.75,IRCTC,Travel,UPI,Mumbai,17,Saturday,No,No,No,No,0,
TXN501138,ACC724756,2023-03-28 21:18:00,881.58,Ola Cabs,Transport,Credit Card,Delhi,21,Tuesday,No,No,No,No,0,
TXN501139,ACC327823,2023-12-21 17:40:00,353.36,Swiggy,Food Delivery,Credit Card,Delhi,17,Thursday,No,No,No,No,0,
TXN501140,ACC769752,2023-08-20 10:07:00,957.33,Paytm Mall,E-commerce,Credit Card,Delhi,10,Sunday,No,No,No,No,0,
TXN501141,ACC122827,2023-04-01 12:51:00,1113.34,IRCTC,Travel,Debit Card,Delhi,12,Saturday,No,No,No,No,0,
TXN501142,ACC710754,2023-09-25 22:34:00,2387.26,IRCTC,Travel,UPI,Kolkata,22,Monday,No,No,No,No,0,
TXN501143,ACC864715,2023-04-19 05:12:00,1558.25,Flipkart,E-commerce,UPI,Ahmedabad,5,Wednesday,No,No,No,No,0,
TXN501144,ACC133276,2023-06-14 20:23:00,1804.94,IRCTC,Travel,UPI,Hyderabad,20,Wednesday,No,No,No,No,0,
TXN501145,ACC991638,2023-06-11 14:05:00,1209.56,BigBasket,Grocery,Net Banking,Ahmedabad,14,Sunday,No,No,No,No,0,
TXN501146,ACC628373,2023-06-24 03:39:00,6056.76,Netflix,Subscription,UPI,Pune,3,Saturday,No,No,No,No,0,
TXN501147,ACC649787,2023-06-03 21:08:00,6419.24,Uber,Transport,UPI,Delhi,21,Saturday,No,No,No,No,0,
TXN501148,ACC539605,2023-06-07 23:19:00,1963.45,Zomato,Food Delivery,Credit Card,Delhi,23,Wednesday,No,No,No,No,0,
TXN501149,ACC651033,2023-06-20 10:56:00,9171.63,UnknownMerchant_XYZ,Unknown,Card-Not-Present,London,10,Tuesday,Yes,Yes,Yes,No,1,Location anomaly
TXN501150,ACC246942,2023-10-05 02:51:00,1396.44,Uber,Transport,Net Banking,Delhi,2,Thursday,No,No,No,No,0,
TXN501151,ACC695551,2023-06-09 13:05:00,699.87,Ola Cabs,Transport,Net Banking,Delhi,13,Friday,No,No,No,No,0,
TXN501152,ACC103161,2023-07-27 17:06:00,7982.25,CryptoExch_Anon,Crypto,ATM,New York,17,Thursday,Yes,Yes,Yes,No,1,Unknown merchant
TXN501153,ACC910065,2023-12-25 03:40:00,475.91,Netflix,Subscription,UPI,Kolkata,3,Monday,No,No,No,No,0,
TXN501154,ACC479358,2023-10-23 23:49:00,4743.1,Spotify,Subscription,UPI,Chennai,23,Monday,No,No,No,No,0,
TXN501155,ACC247442,2023-07-27 18:26:00,13564.38,MakeMyTrip,Travel,UPI,Pune,18,Thursday,No,No,No,No,0,
TXN501156,ACC661147,2023-02-28 12:37:00,1506.23,IRCTC,Travel,Debit Card,Chennai,12,Tuesday,No,No,No,No,0,
TXN501157,ACC536045,2023-05-08 23:02:00,190.79,Uber,Transport,UPI,Mumbai,23,Monday,No,No,No,No,0,
TXN501158,ACC740632,2023-12-23 00:26:00,715.65,Swiggy,Food Delivery,Credit Card,Hyderabad,0,Saturday,No,No,No,No,0,
TXN501159,ACC166857,2023-12-04 16:43:00,1288.35,BookMyShow,Entertainment,UPI,Chennai,16,Monday,No,No,No,No,0,
TXN501160,ACC940952,2023-09-08 15:17:00,145.42,Zomato,Food Delivery,UPI,Ahmedabad,15,Friday,No,No,No,No,0,
TXN501161,ACC570325,2023-02-26 09:09:00,594.69,BookMyShow,Entertainment,Credit Card,Ahmedabad,9,Sunday,No,No,No,No,0,
TXN501162,ACC577079,2023-08-19 06:44:00,979.83,Spotify,Subscription,Debit Card,Ahmedabad,6,Saturday,No,No,No,No,0,
TXN501163,ACC675914,2023-11-27 15:24:00,49324.34,IntlCharge_8827,International,ATM,New York,15,Monday,Yes,Yes,Yes,Yes,1,Unknown merchant
TXN501164,ACC804667,2023-05-11 22:06:00,1730.9,BookMyShow,Entertainment,Debit Card,Delhi,22,Thursday,No,No,No,No,0,
TXN501165,ACC359486,2023-05-06 21:59:00,13983.76,Paytm Mall,E-commerce,Debit Card,Mumbai,21,Saturday,No,No,No,No,0,
TXN501166,ACC575458,2023-12-20 17:26:00,11524.05,Flipkart,E-commerce,UPI,Pune,17,Wednesday,No,No,No,No,0,
TXN501167,ACC426084,2023-11-18 12:42:00,1152.17,Spotify,Subscription,Credit Card,Chennai,12,Saturday,No,No,No,No,0,
TXN501168,ACC691303,2023-07-02 15:48:00,26647.14,IntlCharge_8827,International,ATM,Unknown,15,Sunday,Yes,Yes,Yes,Yes,1,Off-hours
TXN501169,ACC270387,2023-02-22 18:57:00,11603.43,IntlCharge_8827,International,ATM,Dubai,18,Wednesday,Yes,Yes,Yes,No,1,High amount
TXN501170,ACC218118,2023-02-22 21:35:00,1450.94,PhonePe Wallet,Wallet,UPI,Pune,21,Wednesday,No,No,No,No,0,
TXN501171,ACC492650,2023-03-03 08:41:00,1785.11,Flipkart,E-commerce,Credit Card,Delhi,8,Friday,No,No,No,No,0,
TXN501172,ACC560285,2023-11-19 07:02:00,1393.54,PhonePe Wallet,Wallet,Debit Card,Ahmedabad,7,Sunday,No,No,No,No,0,
TXN501173,ACC638179,2023-02-21 02:32:00,50.18,Flipkart,E-commerce,UPI,Ahmedabad,2,Tuesday,No,No,No,No,0,
TXN501174,ACC619447,2023-02-19 20:36:00,1351.23,Amazon,E-commerce,Debit Card,Bangalore,20,Sunday,No,No,No,No,0,
TXN501175,ACC907236,2023-03-09 09:29:00,489.97,Amazon,E-commerce,UPI,Hyderabad,9,Thursday,No,No,No,No,0,
TXN501176,ACC995993,2023-12-18 13:09:00,973.77,Uber,Transport,UPI,Mumbai,13,Monday,No,No,No,No,0,
TXN501177,ACC815894,2023-02-25 02:48:00,349.79,BigBasket,Grocery,UPI,Pune,2,Saturday,No,No,No,No,0,
TXN501178,ACC345536,2023-12-13 16:57:00,6290.64,MakeMyTrip,Travel,UPI,Bangalore,16,Wednesday,No,No,No,No,0,
TXN501179,ACC726962,2023-04-21 14:27:00,1599.7,BigBasket,Grocery,Debit Card,Mumbai,14,Friday,No,No,No,No,0,
TXN501180,ACC834406,2023-10-02 14:59:00,274.93,Swiggy,Food Delivery,UPI,Delhi,14,Monday,No,No,No,No,0,
TXN501181,ACC250219,2023-12-31 23:52:00,400.6,BigBasket,Grocery,UPI,Mumbai,23,Sunday,No,No,No,No,0,
TXN501182,ACC891030,2023-02-07 07:34:00,1073.9,Paytm Mall,E-commerce,UPI,Bangalore,7,Tuesday,No,No,No,No,0,
TXN501183,ACC769737,2023-03-13 07:44:00,224.3,Ola Cabs,Transport,Net Banking,Hyderabad,7,Monday,No,No,No,No,0,
TXN501184,ACC691573,2023-06-22 00:02:00,72.48,Netflix,Subscription,Credit Card,Delhi,0,Thursday,No,No,No,No,0,
TXN501185,ACC646571,2023-02-11 02:44:00,906.01,IRCTC,Travel,UPI,Mumbai,2,Saturday,No,No,No,No,0,
TXN501186,ACC619447,2023-03-18 11:20:00,1032.84,Zomato,Food Delivery,Debit Card,Pune,11,Saturday,No,No,No,No,0,
TXN501187,ACC502206,2023-11-04 21:36:00,23864.6,TempStore_7721,Unknown,Card-Not-Present,Unknown,21,Saturday,Yes,Yes,Yes,Yes,1,Velocity breach
TXN501188,ACC311976,2023-09-14 19:50:00,662.52,Amazon,E-commerce,UPI,Mumbai,19,Thursday,No,No,No,No,0,
TXN501189,ACC796353,2023-07-13 11:40:00,3949.46,Myntra,Apparel,Debit Card,Delhi,11,Thursday,No,No,No,No,0,
TXN501190,ACC653829,2023-09-19 07:20:00,12206.82,Myntra,Apparel,UPI,Mumbai,7,Tuesday,No,No,No,No,0,
TXN501191,ACC497700,2023-01-28 13:13:00,849.86,IRCTC,Travel,Debit Card,Bangalore,13,Saturday,No,No,No,No,0,
TXN501192,ACC653829,2023-01-25 03:55:00,12677.86,AbroadMerchant_TK,International,Card-Not-Present,New York,3,Wednesday,Yes,No,Yes,No,1,Off-hours
TXN501193,ACC925618,2023-11-17 23:16:00,1117.58,Spotify,Subscription,Net Banking,Chennai,23,Friday,No,No,No,No,0,
TXN501194,ACC267475,2023-09-28 20:04:00,177.78,Zomato,Food Delivery,UPI,Bangalore,20,Thursday,No,No,No,No,0,
TXN501195,ACC813341,2023-07-28 09:10:00,6787.33,Amazon,E-commerce,UPI,Chennai,9,Friday,No,No,No,No,0,
TXN501196,ACC898867,2023-02-12 14:55:00,1965.31,Amazon,E-commerce,Credit Card,Hyderabad,14,Sunday,No,No,No,No,0,
TXN501197,ACC732063,2023-04-06 12:50:00,769.64,IRCTC,Travel,UPI,Mumbai,12,Thursday,No,No,No,No,0,
TXN501198,ACC166857,2023-06-07 13:50:00,43160.19,CryptoExch_Anon,Crypto,Card-Not-Present,New York,13,Wednesday,Yes,Yes,Yes,Yes,1,Location anomaly
TXN501199,ACC345536,2023-12-24 16:33:00,1669.31,BigBasket,Grocery,UPI,Hyderabad,16,Sunday,No,No,No,No,0,
TXN501200,ACC617904,2023-05-30 07:13:00,1656.68,MakeMyTrip,Travel,UPI,Hyderabad,7,Tuesday,No,No,No,No,0,
TXN501201,ACC260626,2023-03-14 03:05:00,1437.05,Swiggy,Food Delivery,UPI,Mumbai,3,Tuesday,No,No,No,No,0,
TXN501202,ACC663628,2023-10-31 02:40:00,472.73,Ola Cabs,Transport,Net Banking,Mumbai,2,Tuesday,No,No,No,No,0,
TXN501203,ACC270387,2023-02-12 19:48:00,3239.0,Paytm Mall,E-commerce,UPI,Mumbai,19,Sunday,No,No,No,No,0,
TXN501204,ACC409369,2023-01-14 00:37:00,702.45,Swiggy,Food Delivery,UPI,Chennai,0,Saturday,No,No,No,No,0,
TXN501205,ACC963355,2023-11-23 22:31:00,14484.79,BookMyShow,Entertainment,UPI,Mumbai,22,Thursday,No,No,No,No,0,
TXN501206,ACC528728,2023-07-08 19:50:00,311.16,Myntra,Apparel,UPI,Pune,19,Saturday,No,No,No,No,0,
TXN501207,ACC884056,2023-04-29 12:33:00,101.43,PhonePe Wallet,Wallet,UPI,Bangalore,12,Saturday,No,No,No,No,0,
TXN501208,ACC329772,2023-11-07 19:32:00,193.33,BigBasket,Grocery,UPI,Pune,19,Tuesday,No,No,No,No,0,
TXN501209,ACC257131,2023-03-08 16:34:00,765.33,Zomato,Food Delivery,Net Banking,Chennai,16,Wednesday,No,No,No,No,0,
TXN501210,ACC785280,2023-08-11 23:02:00,1402.69,Paytm Mall,E-commerce,Debit Card,Mumbai,23,Friday,No,No,No,No,0,
TXN501211,ACC649787,2023-09-24 06:23:00,11915.57,Zomato,Food Delivery,UPI,Bangalore,6,Sunday,No,No,No,No,0,
TXN501212,ACC567122,2023-04-19 03:11:00,1800.11,Netflix,Subscription,UPI,Kolkata,3,Wednesday,No,No,No,No,0,
TXN501213,ACC297636,2023-08-06 17:41:00,31077.25,IntlCharge_8827,International,UPI,New York,17,Sunday,Yes,Yes,Yes,Yes,1,Location anomaly
TXN501214,ACC563303,2023-10-11 00:50:00,49257.1,TempStore_7721,Unknown,UPI,London,0,Wednesday,Yes,Yes,Yes,Yes,1,Velocity breach
TXN501215,ACC246942,2023-09-28 04:26:00,463.32,Amazon,E-commerce,Net Banking,Hyderabad,4,Thursday,No,No,No,No,0,
TXN501216,ACC138105,2023-11-07 01:32:00,1182.65,Myntra,Apparel,UPI,Mumbai,1,Tuesday,No,No,No,No,0,
TXN501217,ACC813390,2023-10-26 05:25:00,7469.59,Netflix,Subscription,UPI,Pune,5,Thursday,No,No,No,No,0,
TXN501218,ACC412856,2023-02-15 16:18:00,764.05,BigBasket,Grocery,Credit Card,Bangalore,16,Wednesday,No,No,No,No,0,
TXN501219,ACC257131,2023-01-11 16:56:00,1594.98,BookMyShow,Entertainment,Debit Card,Delhi,16,Wednesday,No,No,No,No,0,
TXN501220,ACC577079,2023-05-31 04:49:00,838.21,Zomato,Food Delivery,Debit Card,Ahmedabad,4,Wednesday,No,No,No,No,0,
TXN501221,ACC967161,2023-08-23 13:57:00,389.13,Amazon,E-commerce,Credit Card,Chennai,13,Wednesday,No,No,No,No,0,
TXN501222,ACC882032,2023-11-29 07:57:00,1526.17,Paytm Mall,E-commerce,Credit Card,Mumbai,7,Wednesday,No,No,No,No,0,
TXN501223,ACC967161,2023-03-14 22:36:00,12192.99,Flipkart,E-commerce,UPI,Hyderabad,22,Tuesday,No,No,No,No,0,
TXN501224,ACC287143,2023-12-05 08:05:00,1167.18,Netflix,Subscription,UPI,Mumbai,8,Tuesday,No,No,No,No,0,
TXN501225,ACC239449,2023-02-20 21:53:00,1624.1,Ola Cabs,Transport,Credit Card,Delhi,21,Monday,No,No,No,No,0,
TXN501226,ACC568449,2023-07-24 17:09:00,1195.84,IRCTC,Travel,Debit Card,Mumbai,17,Monday,No,No,No,No,0,
TXN501227,ACC577079,2023-01-01 00:42:00,1052.1,Spotify,Subscription,Net Banking,Delhi,0,Sunday,No,No,No,No,0,
TXN501228,ACC446747,2023-02-11 21:12:00,1243.19,Spotify,Subscription,UPI,Kolkata,21,Saturday,No,No,No,No,0,
TXN501229,ACC217659,2023-02-11 09:40:00,3704.41,TempStore_7721,Unknown,UPI,Kuala Lumpur,9,Saturday,Yes,Yes,Yes,No,1,High amount
TXN501230,ACC347781,2023-11-19 16:12:00,851.71,Spotify,Subscription,UPI,Chennai,16,Sunday,No,No,No,No,0,
TXN501231,ACC284327,2023-09-11 14:28:00,366.51,Flipkart,E-commerce,Net Banking,Kolkata,14,Monday,No,No,No,No,0,
TXN501232,ACC600646,2023-06-26 00:35:00,12738.08,Netflix,Subscription,Debit Card,Mumbai,0,Monday,No,No,No,No,0,
TXN501233,ACC386090,2023-05-15 00:25:00,1090.4,MakeMyTrip,Travel,Debit Card,Ahmedabad,0,Monday,No,No,No,No,0,
TXN501234,ACC200018,2023-06-10 11:45:00,10170.6,IntlCharge_8827,International,Card-Not-Present,Unknown,11,Saturday,Yes,Yes,Yes,No,1,Off-hours
TXN501235,ACC670892,2023-01-06 06:54:00,4123.98,MakeMyTrip,Travel,Debit Card,Delhi,6,Friday,No,No,No,No,0,
TXN501236,ACC593699,2023-09-20 21:20:00,1114.92,BigBasket,Grocery,Net Banking,Chennai,21,Wednesday,No,No,No,No,0,
TXN501237,ACC913761,2023-06-01 09:16:00,2506.7,TempStore_7721,Unknown,UPI,London,9,Thursday,Yes,Yes,Yes,No,1,Velocity breach
TXN501238,ACC257131,2023-09-19 01:52:00,153.16,Swiggy,Food Delivery,Net Banking,Delhi,1,Tuesday,No,No,No,No,0,
TXN501239,ACC284019,2023-03-14 14:47:00,1051.11,Netflix,Subscription,Net Banking,Delhi,14,Tuesday,No,No,No,No,0,
TXN501240,ACC560285,2023-04-04 03:40:00,868.74,IRCTC,Travel,UPI,Ahmedabad,3,Tuesday,No,No,No,No,0,
TXN501241,ACC512151,2023-04-30 13:55:00,1653.96,Spotify,Subscription,Net Banking,Hyderabad,13,Sunday,No,No,No,No,0,
TXN501242,ACC491774,2023-10-21 14:47:00,24666.17,UnknownMerchant_XYZ,Unknown,NEFT,Kuala Lumpur,14,Saturday,Yes,Yes,Yes,Yes,1,Location anomaly
TXN501243,ACC992400,2023-07-26 15:15:00,335.76,MakeMyTrip,Travel,Net Banking,Mumbai,15,Wednesday,No,No,No,No,0,
TXN501244,ACC369761,2023-12-04 05:11:00,360.47,IRCTC,Travel,Credit Card,Mumbai,5,Monday,No,No,No,No,0,
TXN501245,ACC975373,2023-02-23 21:16:00,1478.35,Zomato,Food Delivery,UPI,Delhi,21,Thursday,No,No,No,No,0,
TXN501246,ACC726962,2023-07-23 14:48:00,1137.18,Flipkart,E-commerce,UPI,Kolkata,14,Sunday,No,No,No,No,0,
TXN501247,ACC311976,2023-10-07 00:10:00,123.69,BigBasket,Grocery,UPI,Kolkata,0,Saturday,No,No,No,No,0,
TXN501248,ACC898867,2023-09-17 09:41:00,631.37,BigBasket,Grocery,Credit Card,Delhi,9,Sunday,No,No,No,No,0,
TXN501249,ACC913761,2023-09-17 14:51:00,1405.8,Netflix,Subscription,UPI,Chennai,14,Sunday,No,No,No,No,0,
TXN501250,ACC401036,2023-09-02 06:34:00,7876.08,Netflix,Subscription,UPI,Delhi,6,Saturday,No,No,No,No,0,
TXN501251,ACC854024,2023-09-11 19:34:00,19254.11,AbroadMerchant_TK,International,NEFT,London,19,Monday,Yes,No,Yes,No,1,High amount
TXN501252,ACC890371,2023-03-08 10:33:00,124.45,Flipkart,E-commerce,Net Banking,Mumbai,10,Wednesday,No,No,No,No,0,
TXN501253,ACC593699,2023-07-08 01:44:00,11822.37,BookMyShow,Entertainment,UPI,Kolkata,1,Saturday,No,No,No,No,0,
TXN501254,ACC412856,2023-10-19 01:01:00,1106.45,Ola Cabs,Transport,Credit Card,Hyderabad,1,Thursday,No,No,No,No,0,
TXN501255,ACC837449,2023-07-21 14:37:00,738.39,Zomato,Food Delivery,UPI,Bangalore,14,Friday,No,No,No,No,0,
TXN501256,ACC436241,2023-05-18 12:53:00,483.28,Spotify,Subscription,Net Banking,Hyderabad,12,Thursday,No,No,No,No,0,
TXN501257,ACC866634,2023-12-17 21:58:00,1534.92,Myntra,Apparel,Net Banking,Hyderabad,21,Sunday,No,No,No,No,0,
TXN501258,ACC436241,2023-03-29 12:37:00,1082.99,IRCTC,Travel,Debit Card,Delhi,12,Wednesday,No,No,No,No,0,
TXN501259,ACC116405,2023-02-24 17:45:00,8746.15,Zomato,Food Delivery,UPI,Hyderabad,17,Friday,No,No,No,No,0,
TXN501260,ACC860242,2023-12-15 09:52:00,487.2,BookMyShow,Entertainment,Net Banking,Delhi,9,Friday,No,No,No,No,0,
TXN501261,ACC700705,2023-01-25 06:33:00,574.81,Spotify,Subscription,Net Banking,Chennai,6,Wednesday,No,No,No,No,0,
TXN501262,ACC158338,2023-05-31 14:06:00,444.48,Myntra,Apparel,Net Banking,Kolkata,14,Wednesday,No,No,No,No,0,
TXN501263,ACC837449,2023-02-19 07:51:00,668.77,Zomato,Food Delivery,Credit Card,Delhi,7,Sunday,No,No,No,No,0,
TXN501264,ACC853504,2023-01-19 11:11:00,11049.03,PhonePe Wallet,Wallet,UPI,Mumbai,11,Thursday,No,No,No,No,0,
TXN501265,ACC200018,2023-09-02 00:17:00,1077.23,Myntra,Apparel,Debit Card,Kolkata,0,Saturday,No,No,No,No,0,
TXN501266,ACC638179,2023-10-13 13:26:00,7401.66,Amazon,E-commerce,Credit Card,Ahmedabad,13,Friday,No,No,No,No,0,
TXN501267,ACC111991,2023-03-12 15:45:00,1791.68,Myntra,Apparel,Credit Card,Kolkata,15,Sunday,No,No,No,No,0,
TXN501268,ACC195359,2023-12-31 19:18:00,1028.96,BigBasket,Grocery,Credit Card,Kolkata,19,Sunday,No,No,No,No,0,
TXN501269,ACC991638,2023-01-21 01:09:00,18656.18,CryptoExch_Anon,Crypto,ATM,London,1,Saturday,Yes,Yes,Yes,No,1,Velocity breach
TXN501270,ACC525187,2023-06-16 10:04:00,4653.19,IRCTC,Travel,UPI,Bangalore,10,Friday,No,No,No,No,0,
TXN501271,ACC563303,2023-05-26 16:33:00,19183.84,TempStore_7721,Unknown,NEFT,New York,16,Friday,Yes,Yes,Yes,No,1,High amount
TXN501272,ACC260626,2023-08-05 14:57:00,1588.21,Ola Cabs,Transport,Credit Card,Bangalore,14,Saturday,No,No,No,No,0,
TXN501273,ACC111991,2023-07-08 09:13:00,1075.36,Swiggy,Food Delivery,Debit Card,Bangalore,9,Saturday,No,No,No,No,0,
TXN501274,ACC190951,2023-04-13 19:09:00,3203.85,MakeMyTrip,Travel,UPI,Mumbai,19,Thursday,No,No,No,No,0,
TXN501275,ACC495833,2023-05-15 15:10:00,4145.77,IRCTC,Travel,UPI,Kolkata,15,Monday,No,No,No,No,0,
TXN501276,ACC412856,2023-04-01 05:57:00,1506.31,Myntra,Apparel,Debit Card,Ahmedabad,5,Saturday,No,No,No,No,0,
TXN501277,ACC805200,2023-01-17 10:09:00,11644.72,Flipkart,E-commerce,UPI,Chennai,10,Tuesday,No,No,No,No,0,
TXN501278,ACC669691,2023-10-09 05:45:00,48018.55,AbroadMerchant_TK,International,NEFT,Kuala Lumpur,5,Monday,Yes,Yes,Yes,Yes,1,Location anomaly
TXN501279,ACC329772,2023-04-12 14:50:00,1470.19,Uber,Transport,Debit Card,Hyderabad,14,Wednesday,No,No,No,No,0,
TXN501280,ACC348411,2023-10-18 19:13:00,246.58,Uber,Transport,UPI,Delhi,19,Wednesday,No,No,No,No,0,
TXN501281,ACC403314,2023-10-09 04:15:00,1323.97,MakeMyTrip,Travel,UPI,Hyderabad,4,Monday,No,No,No,No,0,
TXN501282,ACC568449,2023-08-02 03:31:00,4845.26,Uber,Transport,Debit Card,Pune,3,Wednesday,No,No,No,No,0,
TXN501283,ACC805200,2023-06-20 08:55:00,1176.34,BookMyShow,Entertainment,Net Banking,Bangalore,8,Tuesday,No,No,No,No,0,
TXN501284,ACC792282,2023-08-13 00:11:00,5204.36,Flipkart,E-commerce,UPI,Ahmedabad,0,Sunday,No,No,No,No,0,
TXN501285,ACC218326,2023-12-29 10:08:00,47563.29,TempStore_7721,Unknown,ATM,New York,10,Friday,Yes,Yes,Yes,Yes,1,Velocity breach
TXN501286,ACC409355,2023-03-10 11:25:00,39538.97,VPN_Service_Anon,Digital,ATM,Dubai,11,Friday,Yes,Yes,Yes,Yes,1,Location anomaly
TXN501287,ACC651033,2023-10-11 15:38:00,8576.9,Netflix,Subscription,UPI,Hyderabad,15,Wednesday,No,No,No,No,0,
TXN501288,ACC544278,2023-12-08 16:22:00,511.75,BigBasket,Grocery,UPI,Chennai,16,Friday,No,No,No,No,0,
TXN501289,ACC645617,2023-05-01 12:41:00,1638.61,Swiggy,Food Delivery,Debit Card,Hyderabad,12,Monday,No,No,No,No,0,
TXN501290,ACC805200,2023-02-17 00:49:00,1857.38,BigBasket,Grocery,UPI,Mumbai,0,Friday,No,No,No,No,0,
TXN501291,ACC583000,2023-05-22 20:55:00,13851.51,Uber,Transport,UPI,Ahmedabad,20,Monday,No,No,No,No,0,
TXN501292,ACC539605,2023-02-17 19:07:00,1284.92,BigBasket,Grocery,UPI,Delhi,19,Friday,No,No,No,No,0,
TXN501293,ACC806215,2023-07-29 14:48:00,322.29,Ola Cabs,Transport,Net Banking,Delhi,14,Saturday,No,No,No,No,0,
TXN501294,ACC801765,2023-04-03 01:07:00,10602.33,Flipkart,E-commerce,Debit Card,Chennai,1,Monday,No,No,No,No,0,
TXN501295,ACC331577,2023-01-19 09:36:00,10584.38,IRCTC,Travel,UPI,Pune,9,Thursday,No,No,No,No,0,
TXN501296,ACC969032,2023-04-01 03:05:00,1184.31,CryptoExch_Anon,Crypto,NEFT,New York,3,Saturday,Yes,No,Yes,No,1,Off-hours
TXN501297,ACC691303,2023-01-05 18:42:00,342.75,Myntra,Apparel,Credit Card,Hyderabad,18,Thursday,No,No,No,No,0,
TXN501298,ACC590755,2023-12-02 00:51:00,3666.64,MakeMyTrip,Travel,UPI,Mumbai,0,Saturday,No,No,No,No,0,
TXN501299,ACC123839,2023-03-02 04:17:00,686.95,IRCTC,Travel,Debit Card,Bangalore,4,Thursday,No,No,No,No,0,
TXN501300,ACC724756,2023-02-08 23:49:00,1863.86,BigBasket,Grocery,Net Banking,Bangalore,23,Wednesday,No,No,No,No,0,
TXN501301,ACC948799,2023-05-23 01:10:00,3109.86,Flipkart,E-commerce,Net Banking,Mumbai,1,Tuesday,No,No,No,No,0,
TXN501302,ACC190951,2023-05-25 16:41:00,258.73,MakeMyTrip,Travel,UPI,Chennai,16,Thursday,No,No,No,No,0,
TXN501303,ACC630041,2023-01-17 07:03:00,14435.66,Swiggy,Food Delivery,Net Banking,Hyderabad,7,Tuesday,No,No,No,No,0,
TXN501304,ACC813341,2023-11-15 02:23:00,1567.84,PhonePe Wallet,Wallet,Credit Card,Chennai,2,Wednesday,No,No,No,No,0,
TXN501305,ACC302544,2023-03-12 08:29:00,55.33,Zomato,Food Delivery,Debit Card,Mumbai,8,Sunday,No,No,No,No,0,
TXN501306,ACC570325,2023-10-11 07:06:00,19961.59,AbroadMerchant_TK,International,NEFT,Dubai,7,Wednesday,Yes,Yes,Yes,No,1,High amount
TXN501307,ACC891030,2023-01-07 16:06:00,1467.19,Netflix,Subscription,UPI,Hyderabad,16,Saturday,No,No,No,No,0,
TXN501308,ACC369761,2023-04-11 16:02:00,22675.06,AbroadMerchant_TK,International,Card-Not-Present,London,16,Tuesday,Yes,Yes,Yes,Yes,1,Velocity breach
TXN501309,ACC398384,2023-05-28 11:33:00,439.01,BookMyShow,Entertainment,UPI,Mumbai,11,Sunday,No,No,No,No,0,
TXN501310,ACC223967,2023-06-28 17:55:00,9750.08,Paytm Mall,E-commerce,Debit Card,Mumbai,17,Wednesday,No,No,No,No,0,
TXN501311,ACC858243,2023-06-20 06:42:00,12693.61,Netflix,Subscription,Net Banking,Pune,6,Tuesday,No,No,No,No,0,
TXN501312,ACC663356,2023-03-18 02:22:00,174.95,Flipkart,E-commerce,UPI,Mumbai,2,Saturday,No,No,No,No,0,
TXN501313,ACC864715,2023-08-01 13:06:00,1931.91,BookMyShow,Entertainment,Net Banking,Mumbai,13,Tuesday,No,No,No,No,0,
TXN501314,ACC657772,2023-03-05 08:02:00,1510.59,Amazon,E-commerce,UPI,Pune,8,Sunday,No,No,No,No,0,
TXN501315,ACC329021,2023-12-08 22:04:00,39232.88,CryptoExch_Anon,Crypto,UPI,Dubai,22,Friday,Yes,No,Yes,Yes,1,Off-hours
TXN501316,ACC444056,2023-11-28 19:52:00,820.25,PhonePe Wallet,Wallet,Debit Card,Delhi,19,Tuesday,No,No,No,No,0,
TXN501317,ACC512151,2023-12-17 03:52:00,7341.53,Zomato,Food Delivery,Debit Card,Delhi,3,Sunday,No,No,No,No,0,
TXN501318,ACC630041,2023-01-26 15:30:00,504.93,Flipkart,E-commerce,UPI,Chennai,15,Thursday,No,No,No,No,0,
TXN501319,ACC722795,2023-12-09 18:38:00,1186.58,BookMyShow,Entertainment,UPI,Delhi,18,Saturday,No,No,No,No,0,
TXN501320,ACC651033,2023-03-26 13:54:00,467.97,Ola Cabs,Transport,UPI,Delhi,13,Sunday,No,No,No,No,0,
TXN501321,ACC416613,2023-12-05 21:42:00,1280.11,Amazon,E-commerce,Credit Card,Chennai,21,Tuesday,No,No,No,No,0,
TXN501322,ACC805200,2023-09-20 19:32:00,1986.45,MakeMyTrip,Travel,UPI,Ahmedabad,19,Wednesday,No,No,No,No,0,
TXN501323,ACC345722,2023-09-15 20:37:00,13068.21,BookMyShow,Entertainment,Credit Card,Pune,20,Friday,No,No,No,No,0,
TXN501324,ACC710754,2023-03-03 14:56:00,9424.14,MakeMyTrip,Travel,Net Banking,Hyderabad,14,Friday,No,No,No,No,0,
TXN501325,ACC665979,2023-03-30 01:51:00,556.03,Amazon,E-commerce,Debit Card,Bangalore,1,Thursday,No,No,No,No,0,
TXN501326,ACC369761,2023-06-03 19:25:00,8641.68,Swiggy,Food Delivery,Debit Card,Pune,19,Saturday,No,No,No,No,0,
TXN501327,ACC793939,2023-10-14 16:09:00,10713.59,PhonePe Wallet,Wallet,Credit Card,Mumbai,16,Saturday,No,No,No,No,0,
TXN501328,ACC515182,2023-04-28 22:07:00,45239.93,CryptoExch_Anon,Crypto,NEFT,Dubai,22,Friday,Yes,Yes,Yes,Yes,1,Unknown merchant
TXN501329,ACC948799,2023-10-10 20:15:00,1364.68,BigBasket,Grocery,UPI,Hyderabad,20,Tuesday,No,No,No,No,0,
TXN501330,ACC302544,2023-08-24 18:51:00,1619.38,Spotify,Subscription,UPI,Kolkata,18,Thursday,No,No,No,No,0,
TXN501331,ACC834406,2023-07-16 17:15:00,99.96,Uber,Transport,UPI,Bangalore,17,Sunday,No,No,No,No,0,
TXN501332,ACC890371,2023-10-15 10:06:00,11880.64,Zomato,Food Delivery,UPI,Pune,10,Sunday,No,No,No,No,0,
TXN501333,ACC661147,2023-09-15 18:50:00,482.91,Netflix,Subscription,Debit Card,Kolkata,18,Friday,No,No,No,No,0,
TXN501334,ACC906325,2023-09-03 04:48:00,918.09,Paytm Mall,E-commerce,Credit Card,Delhi,4,Sunday,No,No,No,No,0,
TXN501335,ACC997734,2023-10-28 23:15:00,33075.34,CryptoExch_Anon,Crypto,ATM,New York,23,Saturday,Yes,Yes,Yes,Yes,1,High amount
TXN501336,ACC331577,2023-09-01 23:26:00,17119.02,UnknownMerchant_XYZ,Unknown,Card-Not-Present,London,23,Friday,Yes,Yes,Yes,No,1,Unknown merchant
TXN501337,ACC453487,2023-07-25 10:49:00,752.62,Spotify,Subscription,Debit Card,Ahmedabad,10,Tuesday,No,No,No,No,0,
TXN501338,ACC929179,2023-08-08 10:41:00,12240.07,Amazon,E-commerce,UPI,Kolkata,10,Tuesday,No,No,No,No,0,
TXN501339,ACC389039,2023-02-03 16:08:00,554.45,Uber,Transport,Net Banking,Kolkata,16,Friday,No,No,No,No,0,
TXN501340,ACC373453,2023-02-19 08:05:00,1990.79,PhonePe Wallet,Wallet,Net Banking,Bangalore,8,Sunday,No,No,No,No,0,
TXN501341,ACC651033,2023-10-07 13:39:00,14678.33,Ola Cabs,Transport,Credit Card,Ahmedabad,13,Saturday,No,No,No,No,0,
TXN501342,ACC163182,2023-10-18 09:44:00,1740.13,MakeMyTrip,Travel,UPI,Delhi,9,Wednesday,No,No,No,No,0,
TXN501343,ACC800224,2023-01-30 21:49:00,1989.63,PhonePe Wallet,Wallet,UPI,Hyderabad,21,Monday,No,No,No,No,0,
TXN501344,ACC866634,2023-08-05 21:46:00,11391.88,UnknownMerchant_XYZ,Unknown,NEFT,New York,21,Saturday,Yes,Yes,Yes,No,1,High amount
TXN501345,ACC501058,2023-12-30 20:08:00,2725.55,Swiggy,Food Delivery,UPI,Mumbai,20,Saturday,No,No,No,No,0,
TXN501346,ACC958136,2023-06-04 04:19:00,48564.2,TempStore_7721,Unknown,ATM,Singapore,4,Sunday,Yes,Yes,Yes,Yes,1,Unknown merchant
TXN501347,ACC834406,2023-12-16 08:50:00,1494.09,MakeMyTrip,Travel,Net Banking,Hyderabad,8,Saturday,No,No,No,No,0,
TXN501348,ACC978292,2023-06-09 10:27:00,13602.03,Spotify,Subscription,Credit Card,Pune,10,Friday,No,No,No,No,0,
TXN501349,ACC819400,2023-09-17 19:01:00,12386.09,Zomato,Food Delivery,UPI,Bangalore,19,Sunday,No,No,No,No,0,
TXN501350,ACC184148,2023-06-22 22:18:00,261.38,Amazon,E-commerce,UPI,Mumbai,22,Thursday,No,No,No,No,0,
TXN501351,ACC665497,2023-03-24 05:07:00,7875.04,BigBasket,Grocery,Credit Card,Ahmedabad,5,Friday,No,No,No,No,0,
TXN501352,ACC612573,2023-11-10 02:24:00,1432.82,Amazon,E-commerce,UPI,Pune,2,Friday,No,No,No,No,0,
TXN501353,ACC133276,2023-01-31 00:48:00,8711.51,MakeMyTrip,Travel,UPI,Ahmedabad,0,Tuesday,No,No,No,No,0,
TXN501354,ACC867051,2023-03-07 06:55:00,387.13,Swiggy,Food Delivery,Net Banking,Pune,6,Tuesday,No,No,No,No,0,
TXN501355,ACC492650,2023-05-15 05:40:00,337.19,Netflix,Subscription,Debit Card,Pune,5,Monday,No,No,No,No,0,
TXN501356,ACC462974,2023-06-25 07:27:00,8919.77,Myntra,Apparel,UPI,Hyderabad,7,Sunday,No,No,No,No,0,
TXN501357,ACC651033,2023-09-21 05:19:00,1514.8,BigBasket,Grocery,Credit Card,Hyderabad,5,Thursday,No,No,No,No,0,
TXN501358,ACC785280,2023-05-11 09:41:00,14295.8,CryptoExch_Anon,Crypto,UPI,Unknown,9,Thursday,Yes,No,Yes,No,1,Velocity breach
TXN501359,ACC270387,2023-02-27 04:12:00,8984.47,BigBasket,Grocery,Net Banking,Delhi,4,Monday,No,No,No,No,0,
TXN501360,ACC242007,2023-04-16 07:42:00,1373.11,BookMyShow,Entertainment,UPI,Kolkata,7,Sunday,No,No,No,No,0,
TXN501361,ACC218118,2023-09-01 11:45:00,9887.63,Amazon,E-commerce,UPI,Chennai,11,Friday,No,No,No,No,0,
TXN501362,ACC626930,2023-01-17 12:38:00,1113.37,Netflix,Subscription,Credit Card,Chennai,12,Tuesday,No,No,No,No,0,
TXN501363,ACC221886,2023-01-07 01:54:00,8691.13,MakeMyTrip,Travel,Net Banking,Ahmedabad,1,Saturday,No,No,No,No,0,
TXN501364,ACC722795,2023-02-04 13:22:00,1356.55,BigBasket,Grocery,UPI,Kolkata,13,Saturday,No,No,No,No,0,
TXN501365,ACC485397,2023-10-01 11:44:00,976.47,Swiggy,Food Delivery,UPI,Mumbai,11,Sunday,No,No,No,No,0,
TXN501366,ACC567122,2023-05-04 20:38:00,10593.92,Swiggy,Food Delivery,UPI,Kolkata,20,Thursday,No,No,No,No,0,
TXN501367,ACC379963,2023-12-20 19:03:00,3726.98,BookMyShow,Entertainment,Credit Card,Delhi,19,Wednesday,No,No,No,No,0,
TXN501368,ACC600646,2023-05-10 12:14:00,9025.81,Amazon,E-commerce,Debit Card,Pune,12,Wednesday,No,No,No,No,0,
TXN501369,ACC223119,2023-10-13 20:14:00,1066.85,Flipkart,E-commerce,UPI,Delhi,20,Friday,No,No,No,No,0,
TXN501370,ACC539605,2023-01-16 12:58:00,356.38,Spotify,Subscription,Debit Card,Chennai,12,Monday,No,No,No,No,0,
TXN501371,ACC212512,2023-03-01 00:11:00,8786.28,IRCTC,Travel,Net Banking,Kolkata,0,Wednesday,No,No,No,No,0,
TXN501372,ACC885386,2023-09-18 20:38:00,43397.53,VPN_Service_Anon,Digital,NEFT,Kuala Lumpur,20,Monday,Yes,No,Yes,Yes,1,High amount
TXN501373,ACC159185,2023-02-12 09:12:00,170.34,Myntra,Apparel,UPI,Hyderabad,9,Sunday,No,No,No,No,0,
TXN501374,ACC369761,2023-10-29 16:48:00,588.91,Amazon,E-commerce,Credit Card,Chennai,16,Sunday,No,No,No,No,0,
TXN501375,ACC612573,2023-12-13 03:02:00,12858.91,Amazon,E-commerce,UPI,Bangalore,3,Wednesday,No,No,No,No,0,
TXN501376,ACC217659,2023-06-18 23:37:00,10957.41,Zomato,Food Delivery,UPI,Kolkata,23,Sunday,No,No,No,No,0,
TXN501377,ACC653829,2023-02-17 02:00:00,1312.24,MakeMyTrip,Travel,Credit Card,Chennai,2,Friday,No,No,No,No,0,
TXN501378,ACC333507,2023-10-05 10:06:00,30724.6,AbroadMerchant_TK,International,UPI,New York,10,Thursday,Yes,No,Yes,Yes,1,High amount
TXN501379,ACC978292,2023-07-08 17:48:00,21522.9,IntlCharge_8827,International,ATM,New York,17,Saturday,Yes,Yes,Yes,Yes,1,Off-hours
TXN501380,ACC521805,2023-10-18 18:39:00,8863.41,Zomato,Food Delivery,Net Banking,Delhi,18,Wednesday,No,No,No,No,0,
TXN501381,ACC297636,2023-11-11 02:23:00,773.44,Amazon,E-commerce,Net Banking,Ahmedabad,2,Saturday,No,No,No,No,0,
TXN501382,ACC593699,2023-03-06 00:05:00,21608.64,IntlCharge_8827,International,UPI,Kuala Lumpur,0,Monday,Yes,Yes,Yes,Yes,1,Off-hours
TXN501383,ACC421709,2023-07-14 00:19:00,1890.04,Swiggy,Food Delivery,UPI,Bangalore,0,Friday,No,No,No,No,0,
TXN501384,ACC103161,2023-06-21 16:20:00,940.99,Swiggy,Food Delivery,Credit Card,Ahmedabad,16,Wednesday,No,No,No,No,0,
TXN501385,ACC588002,2023-02-08 03:34:00,3194.73,Ola Cabs,Transport,Net Banking,Bangalore,3,Wednesday,No,No,No,No,0,
TXN501386,ACC857997,2023-03-14 19:30:00,154.12,Myntra,Apparel,Credit Card,Hyderabad,19,Tuesday,No,No,No,No,0,
TXN501387,ACC894068,2023-10-11 11:43:00,1675.21,BookMyShow,Entertainment,UPI,Mumbai,11,Wednesday,No,No,No,No,0,
TXN501388,ACC706403,2023-09-12 00:45:00,173.57,Flipkart,E-commerce,Credit Card,Kolkata,0,Tuesday,No,No,No,No,0,
TXN501389,ACC806215,2023-03-29 06:52:00,1984.16,BigBasket,Grocery,UPI,Pune,6,Wednesday,No,No,No,No,0,
TXN501390,ACC297636,2023-09-24 20:58:00,9179.09,TempStore_7721,Unknown,UPI,Kuala Lumpur,20,Sunday,Yes,No,Yes,No,1,High amount
TXN501391,ACC247442,2023-08-03 02:24:00,1107.38,MakeMyTrip,Travel,Credit Card,Mumbai,2,Thursday,No,No,No,No,0,
TXN501392,ACC240718,2023-02-16 03:36:00,1950.71,Myntra,Apparel,Credit Card,Delhi,3,Thursday,No,No,No,No,0,
TXN501393,ACC581206,2023-01-23 23:23:00,1731.28,IRCTC,Travel,UPI,Chennai,23,Monday,No,No,No,No,0,
TXN501394,ACC948102,2023-08-09 18:20:00,784.54,VPN_Service_Anon,Digital,UPI,Unknown,18,Wednesday,Yes,No,Yes,No,1,Location anomaly
TXN501395,ACC958136,2023-06-09 17:45:00,12366.83,Myntra,Apparel,UPI,Kolkata,17,Friday,No,No,No,No,0,
TXN501396,ACC331577,2023-07-31 11:08:00,551.33,Flipkart,E-commerce,Net Banking,Bangalore,11,Monday,No,No,No,No,0,
TXN501397,ACC851742,2023-10-03 02:13:00,1558.22,MakeMyTrip,Travel,UPI,Hyderabad,2,Tuesday,No,No,No,No,0,
TXN501398,ACC864715,2023-04-24 21:11:00,1943.1,Swiggy,Food Delivery,Credit Card,Ahmedabad,21,Monday,No,No,No,No,0,
TXN501399,ACC663628,2023-06-22 04:26:00,7660.48,Paytm Mall,E-commerce,Debit Card,Ahmedabad,4,Thursday,No,No,No,No,0,
TXN501400,ACC601410,2023-05-09 09:59:00,1116.97,Paytm Mall,E-commerce,UPI,Kolkata,9,Tuesday,No,No,No,No,0,
TXN501401,ACC444056,2023-07-27 04:34:00,695.15,Amazon,E-commerce,Credit Card,Kolkata,4,Thursday,No,No,No,No,0,
TXN501402,ACC578987,2023-06-30 02:23:00,360.94,Zomato,Food Delivery,Credit Card,Hyderabad,2,Friday,No,No,No,No,0,
TXN501403,ACC133782,2023-11-19 22:19:00,1426.41,VPN_Service_Anon,Digital,Card-Not-Present,New York,22,Sunday,Yes,Yes,Yes,No,1,Location anomaly
TXN501404,ACC695361,2023-08-25 16:24:00,12470.74,Swiggy,Food Delivery,UPI,Kolkata,16,Friday,No,No,No,No,0,
TXN501405,ACC347781,2023-03-28 20:01:00,505.93,Zomato,Food Delivery,UPI,Delhi,20,Tuesday,No,No,No,No,0,
TXN501406,ACC661147,2023-02-12 21:08:00,903.59,BigBasket,Grocery,Debit Card,Mumbai,21,Sunday,No,No,No,No,0,
TXN501407,ACC576419,2023-02-10 10:07:00,407.03,Myntra,Apparel,UPI,Ahmedabad,10,Friday,No,No,No,No,0,
TXN501408,ACC160541,2023-01-17 14:18:00,1010.01,Amazon,E-commerce,UPI,Ahmedabad,14,Tuesday,No,No,No,No,0,
TXN501409,ACC515182,2023-12-29 23:37:00,764.01,Ola Cabs,Transport,UPI,Mumbai,23,Friday,No,No,No,No,0,
TXN501410,ACC311976,2023-12-13 19:13:00,1557.08,BookMyShow,Entertainment,Credit Card,Pune,19,Wednesday,No,No,No,No,0,
TXN501411,ACC403528,2023-04-20 13:02:00,604.21,Paytm Mall,E-commerce,Debit Card,Delhi,13,Thursday,No,No,No,No,0,
TXN501412,ACC691303,2023-11-12 19:57:00,1531.93,BigBasket,Grocery,Debit Card,Hyderabad,19,Sunday,No,No,No,No,0,
TXN501413,ACC133276,2023-02-06 01:03:00,48188.55,AbroadMerchant_TK,International,Card-Not-Present,New York,1,Monday,Yes,No,Yes,Yes,1,Location anomaly
TXN501414,ACC785280,2023-10-08 01:04:00,906.5,Paytm Mall,E-commerce,UPI,Ahmedabad,1,Sunday,No,No,No,No,0,
TXN501415,ACC190951,2023-04-22 21:12:00,648.18,Flipkart,E-commerce,UPI,Mumbai,21,Saturday,No,No,No,No,0,
TXN501416,ACC585494,2023-07-13 05:21:00,2143.7,Myntra,Apparel,Net Banking,Chennai,5,Thursday,No,No,No,No,0,
TXN501417,ACC801765,2023-07-20 05:18:00,546.8,Swiggy,Food Delivery,Debit Card,Chennai,5,Thursday,No,No,No,No,0,
TXN501418,ACC453487,2023-02-05 00:47:00,112.3,Netflix,Subscription,Debit Card,Hyderabad,0,Sunday,No,No,No,No,0,
TXN501419,ACC665979,2023-10-12 13:32:00,12186.39,CryptoExch_Anon,Crypto,Card-Not-Present,London,13,Thursday,Yes,Yes,Yes,No,1,High amount
TXN501420,ACC601410,2023-03-11 19:59:00,14005.89,Amazon,E-commerce,UPI,Hyderabad,19,Saturday,No,No,No,No,0,
TXN501421,ACC891030,2023-08-19 10:54:00,9716.76,Flipkart,E-commerce,Debit Card,Pune,10,Saturday,No,No,No,No,0,
TXN501422,ACC536045,2023-05-04 13:42:00,1775.25,Netflix,Subscription,UPI,Hyderabad,13,Thursday,No,No,No,No,0,
TXN501423,ACC813390,2023-08-25 14:56:00,1819.3,Amazon,E-commerce,Debit Card,Bangalore,14,Friday,No,No,No,No,0,
TXN501424,ACC246942,2023-01-04 05:12:00,378.08,Zomato,Food Delivery,Credit Card,Delhi,5,Wednesday,No,No,No,No,0,
TXN501425,ACC837449,2023-03-05 16:36:00,1003.22,MakeMyTrip,Travel,UPI,Delhi,16,Sunday,No,No,No,No,0,
TXN501426,ACC560285,2023-07-10 10:35:00,11745.12,Paytm Mall,E-commerce,UPI,Bangalore,10,Monday,No,No,No,No,0,
TXN501427,ACC163182,2023-10-12 16:02:00,1985.21,Uber,Transport,UPI,Delhi,16,Thursday,No,No,No,No,0,
TXN501428,ACC379963,2023-09-18 18:30:00,386.14,MakeMyTrip,Travel,UPI,Delhi,18,Monday,No,No,No,No,0,
TXN501429,ACC583000,2023-03-25 00:03:00,1249.33,BigBasket,Grocery,UPI,Bangalore,0,Saturday,No,No,No,No,0,
TXN501430,ACC240718,2023-05-10 02:17:00,1000.19,BookMyShow,Entertainment,Net Banking,Delhi,2,Wednesday,No,No,No,No,0,
TXN501431,ACC103161,2023-10-23 19:45:00,1362.6,IRCTC,Travel,UPI,Mumbai,19,Monday,No,No,No,No,0,
TXN501432,ACC576419,2023-05-22 22:44:00,305.84,BigBasket,Grocery,Debit Card,Delhi,22,Monday,No,No,No,No,0,
TXN501433,ACC626930,2023-01-22 04:32:00,864.96,Swiggy,Food Delivery,Credit Card,Mumbai,4,Sunday,No,No,No,No,0,
TXN501434,ACC536045,2023-08-14 14:29:00,825.87,Myntra,Apparel,UPI,Mumbai,14,Monday,No,No,No,No,0,
TXN501435,ACC295243,2023-08-01 21:56:00,1387.29,Spotify,Subscription,UPI,Bangalore,21,Tuesday,No,No,No,No,0,
TXN501436,ACC876513,2023-04-22 03:50:00,564.16,Amazon,E-commerce,Net Banking,Kolkata,3,Saturday,No,No,No,No,0,
TXN501437,ACC726962,2023-02-11 06:07:00,765.44,Zomato,Food Delivery,Net Banking,Kolkata,6,Saturday,No,No,No,No,0,
TXN501438,ACC695551,2023-07-16 07:44:00,1048.68,Zomato,Food Delivery,Credit Card,Mumbai,7,Sunday,No,No,No,No,0,
TXN501439,ACC813390,2023-06-03 20:02:00,813.46,PhonePe Wallet,Wallet,UPI,Chennai,20,Saturday,No,No,No,No,0,
TXN501440,ACC139110,2023-06-04 20:38:00,7009.42,Zomato,Food Delivery,UPI,Delhi,20,Sunday,No,No,No,No,0,
TXN501441,ACC502206,2023-05-11 06:50:00,1490.75,Zomato,Food Delivery,UPI,Pune,6,Thursday,No,No,No,No,0,
TXN501442,ACC722795,2023-09-20 20:56:00,1090.91,Amazon,E-commerce,Debit Card,Kolkata,20,Wednesday,No,No,No,No,0,
TXN501443,ACC851742,2023-12-31 02:42:00,791.52,Flipkart,E-commerce,UPI,Bangalore,2,Sunday,No,No,No,No,0,
TXN501444,ACC969032,2023-08-24 05:56:00,761.11,Myntra,Apparel,UPI,Mumbai,5,Thursday,No,No,No,No,0,
TXN501445,ACC866634,2023-12-28 11:54:00,779.03,Ola Cabs,Transport,UPI,Ahmedabad,11,Thursday,No,No,No,No,0,
TXN501446,ACC434394,2023-12-12 08:31:00,1438.61,Myntra,Apparel,Debit Card,Hyderabad,8,Tuesday,No,No,No,No,0,
TXN501447,ACC894139,2023-08-12 11:36:00,11465.73,PhonePe Wallet,Wallet,Net Banking,Delhi,11,Saturday,No,No,No,No,0,
TXN501448,ACC164758,2023-03-06 02:11:00,1410.6,Myntra,Apparel,UPI,Pune,2,Monday,No,No,No,No,0,
TXN501449,ACC685941,2023-04-05 12:38:00,16188.35,IntlCharge_8827,International,NEFT,Singapore,12,Wednesday,Yes,Yes,Yes,No,1,Unknown merchant
TXN501450,ACC223967,2023-02-27 07:00:00,1746.73,PhonePe Wallet,Wallet,Debit Card,Pune,7,Monday,No,No,No,No,0,
TXN501451,ACC630041,2023-01-27 21:16:00,4046.37,Ola Cabs,Transport,Credit Card,Delhi,21,Friday,No,No,No,No,0,
TXN501452,ACC315379,2023-04-20 22:51:00,932.97,Amazon,E-commerce,UPI,Mumbai,22,Thursday,No,No,No,No,0,
TXN501453,ACC640310,2023-09-11 16:52:00,6788.68,Myntra,Apparel,UPI,Delhi,16,Monday,No,No,No,No,0,
TXN501454,ACC445637,2023-04-18 11:52:00,13775.97,Ola Cabs,Transport,Credit Card,Pune,11,Tuesday,No,No,No,No,0,
TXN501455,ACC539605,2023-01-25 03:31:00,1303.49,IRCTC,Travel,Credit Card,Kolkata,3,Wednesday,No,No,No,No,0,
TXN501456,ACC502206,2023-04-24 14:29:00,888.45,PhonePe Wallet,Wallet,UPI,Ahmedabad,14,Monday,No,No,No,No,0,
TXN501457,ACC992400,2023-11-27 01:59:00,35027.58,VPN_Service_Anon,Digital,NEFT,London,1,Monday,Yes,No,Yes,Yes,1,Location anomaly
TXN501458,ACC176577,2023-06-16 20:33:00,49203.99,VPN_Service_Anon,Digital,Card-Not-Present,Dubai,20,Friday,Yes,Yes,Yes,Yes,1,High amount
TXN501459,ACC165142,2023-03-07 02:19:00,673.59,BigBasket,Grocery,Debit Card,Pune,2,Tuesday,No,No,No,No,0,
TXN501460,ACC443856,2023-04-22 12:33:00,219.35,Netflix,Subscription,Debit Card,Delhi,12,Saturday,No,No,No,No,0,
TXN501461,ACC946112,2023-06-29 22:09:00,393.22,Paytm Mall,E-commerce,Debit Card,Ahmedabad,22,Thursday,No,No,No,No,0,
TXN501462,ACC461264,2023-11-12 11:52:00,1381.63,MakeMyTrip,Travel,Debit Card,Ahmedabad,11,Sunday,No,No,No,No,0,
TXN501463,ACC525110,2023-09-25 19:38:00,759.0,BigBasket,Grocery,Debit Card,Hyderabad,19,Monday,No,No,No,No,0,
TXN501464,ACC793939,2023-08-07 02:32:00,2636.41,Myntra,Apparel,UPI,Mumbai,2,Monday,No,No,No,No,0,
TXN501465,ACC792267,2023-03-03 16:51:00,1668.04,BigBasket,Grocery,Net Banking,Bangalore,16,Friday,No,No,No,No,0,
TXN501466,ACC403314,2023-04-24 17:43:00,31623.76,TempStore_7721,Unknown,Card-Not-Present,London,17,Monday,Yes,Yes,Yes,Yes,1,High amount
TXN501467,ACC185847,2023-10-01 08:49:00,682.41,Zomato,Food Delivery,UPI,Chennai,8,Sunday,No,No,No,No,0,
TXN501468,ACC360096,2023-03-24 22:32:00,619.47,Amazon,E-commerce,UPI,Bangalore,22,Friday,No,No,No,No,0,
TXN501469,ACC588002,2023-04-02 23:22:00,1782.43,Zomato,Food Delivery,Credit Card,Chennai,23,Sunday,No,No,No,No,0,
TXN501470,ACC401036,2023-05-05 20:50:00,983.64,Uber,Transport,Net Banking,Pune,20,Friday,No,No,No,No,0,
TXN501471,ACC218326,2023-05-22 03:52:00,496.77,IRCTC,Travel,UPI,Delhi,3,Monday,No,No,No,No,0,
TXN501472,ACC346961,2023-01-07 21:04:00,1339.14,IRCTC,Travel,Debit Card,Kolkata,21,Saturday,No,No,No,No,0,
TXN501473,ACC340820,2023-12-03 11:24:00,978.48,Swiggy,Food Delivery,Debit Card,Delhi,11,Sunday,No,No,No,No,0,
TXN501474,ACC386090,2023-07-08 02:27:00,1544.53,Uber,Transport,Credit Card,Kolkata,2,Saturday,No,No,No,No,0,
TXN501475,ACC114768,2023-10-23 23:24:00,49238.07,TempStore_7721,Unknown,UPI,New York,23,Monday,Yes,Yes,Yes,Yes,1,Off-hours
TXN501476,ACC588002,2023-01-31 15:51:00,1631.85,Amazon,E-commerce,UPI,Delhi,15,Tuesday,No,No,No,No,0,
TXN501477,ACC792267,2023-02-19 04:46:00,9430.46,Ola Cabs,Transport,Net Banking,Kolkata,4,Sunday,No,No,No,No,0,
TXN501478,ACC123839,2023-07-27 01:36:00,194.68,Paytm Mall,E-commerce,UPI,Delhi,1,Thursday,No,No,No,No,0,
TXN501479,ACC588002,2023-03-09 14:41:00,11040.89,Zomato,Food Delivery,Credit Card,Kolkata,14,Thursday,No,No,No,No,0,
TXN501480,ACC409369,2023-11-20 21:36:00,9834.03,MakeMyTrip,Travel,Credit Card,Hyderabad,21,Monday,No,No,No,No,0,
TXN501481,ACC205797,2023-12-11 23:50:00,1292.02,Flipkart,E-commerce,Credit Card,Delhi,23,Monday,No,No,No,No,0,
TXN501482,ACC423139,2023-09-06 12:17:00,1147.93,BookMyShow,Entertainment,Debit Card,Mumbai,12,Wednesday,No,No,No,No,0,
TXN501483,ACC704095,2023-08-26 12:19:00,5870.67,BookMyShow,Entertainment,Credit Card,Ahmedabad,12,Saturday,No,No,No,No,0,
TXN501484,ACC295243,2023-08-03 06:24:00,727.74,MakeMyTrip,Travel,Net Banking,Mumbai,6,Thursday,No,No,No,No,0,
TXN501485,ACC612573,2023-12-24 07:30:00,1491.27,IRCTC,Travel,Net Banking,Ahmedabad,7,Sunday,No,No,No,No,0,
TXN501486,ACC705526,2023-11-29 11:08:00,34811.78,TempStore_7721,Unknown,UPI,London,11,Wednesday,Yes,Yes,Yes,Yes,1,Location anomaly
TXN501487,ACC544730,2023-01-05 05:23:00,10767.47,Myntra,Apparel,Debit Card,Pune,5,Thursday,No,No,No,No,0,
TXN501488,ACC711474,2023-11-11 09:58:00,6360.19,Paytm Mall,E-commerce,Credit Card,Hyderabad,9,Saturday,No,No,No,No,0,
TXN501489,ACC287143,2023-05-07 09:21:00,1850.52,Netflix,Subscription,UPI,Pune,9,Sunday,No,No,No,No,0,
TXN501490,ACC221886,2023-11-10 03:25:00,1518.31,Flipkart,E-commerce,UPI,Pune,3,Friday,No,No,No,No,0,
TXN501491,ACC884056,2023-10-22 08:56:00,1075.36,Zomato,Food Delivery,Debit Card,Bangalore,8,Sunday,No,No,No,No,0,
TXN501492,ACC238353,2023-09-14 13:08:00,36160.63,TempStore_7721,Unknown,ATM,Kuala Lumpur,13,Thursday,Yes,No,Yes,Yes,1,Off-hours
TXN501493,ACC804667,2023-10-26 08:06:00,11883.23,IRCTC,Travel,UPI,Bangalore,8,Thursday,No,No,No,No,0,
TXN501494,ACC769752,2023-09-03 01:30:00,5731.85,Myntra,Apparel,Credit Card,Hyderabad,1,Sunday,No,No,No,No,0,
TXN501495,ACC646571,2023-03-09 04:02:00,13027.34,IRCTC,Travel,Debit Card,Delhi,4,Thursday,No,No,No,No,0,
TXN501496,ACC577079,2023-10-18 01:52:00,325.8,Amazon,E-commerce,UPI,Chennai,1,Wednesday,No,No,No,No,0,
TXN501497,ACC535604,2023-07-21 11:33:00,10164.06,Uber,Transport,UPI,Mumbai,11,Friday,No,No,No,No,0,
TXN501498,ACC866634,2023-10-21 19:13:00,631.77,Swiggy,Food Delivery,Net Banking,Kolkata,19,Saturday,No,No,No,No,0,
TXN501499,ACC218118,2023-04-25 17:35:00,4476.42,Myntra,Apparel,UPI,Bangalore,17,Tuesday,No,No,No,No,0,
TXN501500,ACC139286,2023-05-08 06:19:00,455.43,PhonePe Wallet,Wallet,UPI,Chennai,6,Monday,No,No,No,No,0,
TXN501501,ACC416422,2023-08-01 16:47:00,1365.85,Uber,Transport,UPI,Mumbai,16,Tuesday,No,No,No,No,0,
TXN501502,ACC711474,2023-12-30 22:57:00,597.13,BigBasket,Grocery,UPI,Delhi,22,Saturday,No,No,No,No,0,
TXN501503,ACC860242,2023-08-13 09:04:00,563.82,PhonePe Wallet,Wallet,Debit Card,Bangalore,9,Sunday,No,No,No,No,0,
TXN501504,ACC706403,2023-01-25 05:10:00,6398.43,Spotify,Subscription,UPI,Hyderabad,5,Wednesday,No,No,No,No,0,
TXN501505,ACC416613,2023-04-12 06:08:00,1266.04,Paytm Mall,E-commerce,Net Banking,Hyderabad,6,Wednesday,No,No,No,No,0,
TXN501506,ACC284019,2023-04-21 06:56:00,497.96,Amazon,E-commerce,UPI,Delhi,6,Friday,No,No,No,No,0,
TXN501507,ACC412856,2023-07-06 00:28:00,1238.86,Spotify,Subscription,UPI,Chennai,0,Thursday,No,No,No,No,0,
TXN501508,ACC217659,2023-11-25 11:13:00,3958.1,UnknownMerchant_XYZ,Unknown,ATM,London,11,Saturday,Yes,No,Yes,No,1,Off-hours
TXN501509,ACC724756,2023-09-07 05:15:00,1447.64,Amazon,E-commerce,Net Banking,Pune,5,Thursday,No,No,No,No,0,
TXN501510,ACC250219,2023-01-09 02:29:00,8193.9,VPN_Service_Anon,Digital,ATM,London,2,Monday,Yes,Yes,Yes,No,1,Location anomaly
TXN501511,ACC617904,2023-08-13 23:26:00,1671.08,MakeMyTrip,Travel,UPI,Ahmedabad,23,Sunday,No,No,No,No,0,
TXN501512,ACC948799,2023-06-14 08:26:00,1874.64,Swiggy,Food Delivery,Net Banking,Mumbai,8,Wednesday,No,No,No,No,0,
TXN501513,ACC327823,2023-04-27 17:55:00,909.38,MakeMyTrip,Travel,Debit Card,Bangalore,17,Thursday,No,No,No,No,0,
TXN501514,ACC695551,2023-10-27 22:21:00,1090.86,Zomato,Food Delivery,Net Banking,Chennai,22,Friday,No,No,No,No,0,
TXN501515,ACC267475,2023-08-20 18:49:00,1599.14,Swiggy,Food Delivery,UPI,Ahmedabad,18,Sunday,No,No,No,No,0,
TXN501516,ACC946112,2023-12-19 17:26:00,30728.21,VPN_Service_Anon,Digital,Card-Not-Present,Kuala Lumpur,17,Tuesday,Yes,Yes,Yes,Yes,1,Location anomaly
TXN501517,ACC297636,2023-05-30 22:02:00,344.55,Netflix,Subscription,Debit Card,Hyderabad,22,Tuesday,No,No,No,No,0,
TXN501518,ACC740632,2023-09-10 03:11:00,1009.85,BigBasket,Grocery,Debit Card,Ahmedabad,3,Sunday,No,No,No,No,0,
TXN501519,ACC103161,2023-05-29 04:09:00,12541.82,Swiggy,Food Delivery,Debit Card,Chennai,4,Monday,No,No,No,No,0,
TXN501520,ACC661147,2023-12-21 17:52:00,444.6,IRCTC,Travel,UPI,Pune,17,Thursday,No,No,No,No,0,
TXN501521,ACC539605,2023-09-18 19:37:00,90.58,MakeMyTrip,Travel,UPI,Kolkata,19,Monday,No,No,No,No,0,
TXN501522,ACC948102,2023-11-10 10:12:00,13749.06,Netflix,Subscription,UPI,Kolkata,10,Friday,No,No,No,No,0,
TXN501523,ACC416613,2023-11-03 23:20:00,410.72,Zomato,Food Delivery,Credit Card,Bangalore,23,Friday,No,No,No,No,0,
TXN501524,ACC284327,2023-08-03 02:56:00,1628.57,Zomato,Food Delivery,Debit Card,Bangalore,2,Thursday,No,No,No,No,0,
TXN501525,ACC525187,2023-02-06 10:59:00,475.81,Spotify,Subscription,UPI,Hyderabad,10,Monday,No,No,No,No,0,
TXN501526,ACC772687,2023-04-30 13:15:00,1309.22,PhonePe Wallet,Wallet,UPI,Bangalore,13,Sunday,No,No,No,No,0,
TXN501527,ACC446747,2023-06-21 21:16:00,1310.3,Flipkart,E-commerce,Debit Card,Delhi,21,Wednesday,No,No,No,No,0,
TXN501528,ACC695551,2023-01-23 08:36:00,1710.75,Paytm Mall,E-commerce,Debit Card,Bangalore,8,Monday,No,No,No,No,0,
TXN501529,ACC477017,2023-02-09 11:47:00,25592.01,CryptoExch_Anon,Crypto,UPI,Dubai,11,Thursday,Yes,No,Yes,Yes,1,Velocity breach
TXN501530,ACC891030,2023-08-02 17:31:00,1538.97,Zomato,Food Delivery,UPI,Pune,17,Wednesday,No,No,No,No,0,
TXN501531,ACC401036,2023-06-08 09:48:00,7047.47,BigBasket,Grocery,UPI,Ahmedabad,9,Thursday,No,No,No,No,0,
TXN501532,ACC796353,2023-06-10 16:20:00,14294.51,Netflix,Subscription,UPI,Pune,16,Saturday,No,No,No,No,0,
TXN501533,ACC287143,2023-03-08 06:18:00,9055.44,VPN_Service_Anon,Digital,ATM,New York,6,Wednesday,Yes,No,Yes,No,1,High amount
TXN501534,ACC165142,2023-02-08 06:11:00,174.73,Amazon,E-commerce,Credit Card,Delhi,6,Wednesday,No,No,No,No,0,
TXN501535,ACC170559,2023-10-18 22:55:00,12729.97,Swiggy,Food Delivery,UPI,Pune,22,Wednesday,No,No,No,No,0,
TXN501536,ACC929179,2023-11-30 05:32:00,4851.42,Uber,Transport,Net Banking,Kolkata,5,Thursday,No,No,No,No,0,
TXN501537,ACC374258,2023-12-28 00:03:00,17424.04,UnknownMerchant_XYZ,Unknown,ATM,London,0,Thursday,Yes,No,Yes,No,1,Unknown merchant
TXN501538,ACC906325,2023-04-07 03:00:00,686.94,Myntra,Apparel,Credit Card,Mumbai,3,Friday,No,No,No,No,0,
TXN501539,ACC710754,2023-08-02 19:10:00,7864.32,Ola Cabs,Transport,Net Banking,Bangalore,19,Wednesday,No,No,No,No,0,
TXN501540,ACC940952,2023-04-27 05:54:00,9922.38,Paytm Mall,E-commerce,Debit Card,Chennai,5,Thursday,No,No,No,No,0,
TXN501541,ACC540781,2023-02-12 16:21:00,12547.23,Ola Cabs,Transport,Net Banking,Bangalore,16,Sunday,No,No,No,No,0,
TXN501542,ACC965708,2023-08-11 17:19:00,1947.64,Netflix,Subscription,Debit Card,Chennai,17,Friday,No,No,No,No,0,
TXN501543,ACC890371,2023-02-20 21:34:00,1040.8,Spotify,Subscription,Credit Card,Ahmedabad,21,Monday,No,No,No,No,0,
TXN501544,ACC976822,2023-07-27 15:31:00,134.73,Zomato,Food Delivery,UPI,Mumbai,15,Thursday,No,No,No,No,0,
TXN501545,ACC345722,2023-09-25 03:54:00,3656.66,Ola Cabs,Transport,UPI,Kolkata,3,Monday,No,No,No,No,0,
TXN501546,ACC903265,2023-12-22 03:22:00,1304.34,Flipkart,E-commerce,UPI,Hyderabad,3,Friday,No,No,No,No,0,
TXN501547,ACC284327,2023-03-19 22:25:00,1909.02,Zomato,Food Delivery,UPI,Hyderabad,22,Sunday,No,No,No,No,0,
TXN501548,ACC600646,2023-06-15 14:13:00,1787.66,BookMyShow,Entertainment,UPI,Chennai,14,Thursday,No,No,No,No,0,
TXN501549,ACC287143,2023-11-18 20:00:00,916.46,Netflix,Subscription,Credit Card,Ahmedabad,20,Saturday,No,No,No,No,0,
TXN501550,ACC107161,2023-11-13 13:27:00,9463.23,Flipkart,E-commerce,UPI,Ahmedabad,13,Monday,No,No,No,No,0,
TXN501551,ACC403314,2023-11-01 14:19:00,736.29,Ola Cabs,Transport,Credit Card,Kolkata,14,Wednesday,No,No,No,No,0,
TXN501552,ACC316092,2023-04-10 19:51:00,42355.8,TempStore_7721,Unknown,NEFT,Dubai,19,Monday,Yes,Yes,Yes,Yes,1,Velocity breach
TXN501553,ACC585494,2023-09-23 20:21:00,3388.63,IRCTC,Travel,UPI,Pune,20,Saturday,No,No,No,No,0,
TXN501554,ACC651033,2023-05-29 10:00:00,1229.61,Netflix,Subscription,Debit Card,Hyderabad,10,Monday,No,No,No,No,0,
TXN501555,ACC403528,2023-03-25 12:08:00,2002.23,AbroadMerchant_TK,International,UPI,Unknown,12,Saturday,Yes,No,Yes,No,1,Off-hours
TXN501556,ACC138105,2023-10-06 05:17:00,749.21,Paytm Mall,E-commerce,Credit Card,Mumbai,5,Friday,No,No,No,No,0,
TXN501557,ACC665979,2023-10-10 07:39:00,1716.49,Flipkart,E-commerce,Debit Card,Kolkata,7,Tuesday,No,No,No,No,0,
TXN501558,ACC333507,2023-07-09 00:03:00,10681.85,UnknownMerchant_XYZ,Unknown,UPI,Kuala Lumpur,0,Sunday,Yes,No,Yes,No,1,High amount
TXN501559,ACC864715,2023-02-22 18:56:00,446.45,Spotify,Subscription,Credit Card,Kolkata,18,Wednesday,No,No,No,No,0,
TXN501560,ACC925618,2023-10-17 06:52:00,48937.48,AbroadMerchant_TK,International,UPI,Kuala Lumpur,6,Tuesday,Yes,Yes,Yes,Yes,1,High amount
TXN501561,ACC903265,2023-09-03 23:58:00,1324.57,Amazon,E-commerce,UPI,Mumbai,23,Sunday,No,No,No,No,0,
TXN501562,ACC223119,2023-08-07 11:56:00,1841.92,Uber,Transport,UPI,Bangalore,11,Monday,No,No,No,No,0,
TXN501563,ACC212512,2023-07-21 15:17:00,1809.65,Ola Cabs,Transport,Credit Card,Bangalore,15,Friday,No,No,No,No,0,
TXN501564,ACC166857,2023-03-14 04:07:00,900.57,Myntra,Apparel,Debit Card,Kolkata,4,Tuesday,No,No,No,No,0,
TXN501565,ACC800224,2023-03-05 19:00:00,510.03,Myntra,Apparel,Net Banking,Pune,19,Sunday,No,No,No,No,0,
TXN501566,ACC401036,2023-06-05 17:18:00,776.11,Ola Cabs,Transport,Debit Card,Delhi,17,Monday,No,No,No,No,0,
TXN501567,ACC711474,2023-01-04 15:53:00,610.57,Swiggy,Food Delivery,UPI,Mumbai,15,Wednesday,No,No,No,No,0,
TXN501568,ACC288724,2023-03-07 21:11:00,182.58,Swiggy,Food Delivery,Net Banking,Ahmedabad,21,Tuesday,No,No,No,No,0,
TXN501569,ACC837952,2023-10-02 20:34:00,675.92,Uber,Transport,Debit Card,Bangalore,20,Monday,No,No,No,No,0,
TXN501570,ACC221886,2023-03-29 21:53:00,247.74,Myntra,Apparel,Credit Card,Ahmedabad,21,Wednesday,No,No,No,No,0,
TXN501571,ACC975373,2023-02-04 01:21:00,151.84,MakeMyTrip,Travel,Net Banking,Pune,1,Saturday,No,No,No,No,0,
TXN501572,ACC653829,2023-08-30 07:48:00,325.23,Myntra,Apparel,Net Banking,Delhi,7,Wednesday,No,No,No,No,0,
TXN501573,ACC250219,2023-06-03 22:51:00,22999.68,TempStore_7721,Unknown,UPI,Singapore,22,Saturday,Yes,No,Yes,Yes,1,Velocity breach
TXN501574,ACC536045,2023-09-08 16:34:00,11150.94,UnknownMerchant_XYZ,Unknown,ATM,Dubai,16,Friday,Yes,Yes,Yes,No,1,Location anomaly
TXN501575,ACC302177,2023-12-19 06:15:00,1306.4,Spotify,Subscription,UPI,Ahmedabad,6,Tuesday,No,No,No,No,0,
TXN501576,ACC826420,2023-10-13 02:22:00,5708.13,Netflix,Subscription,Credit Card,Bangalore,2,Friday,No,No,No,No,0,
TXN501577,ACC711474,2023-04-03 03:28:00,687.09,Uber,Transport,UPI,Ahmedabad,3,Monday,No,No,No,No,0,
TXN501578,ACC205797,2023-10-17 03:22:00,34292.99,AbroadMerchant_TK,International,UPI,London,3,Tuesday,Yes,Yes,Yes,Yes,1,High amount
TXN501579,ACC462974,2023-08-15 23:24:00,1198.26,MakeMyTrip,Travel,Debit Card,Chennai,23,Tuesday,No,No,No,No,0,
TXN501580,ACC247442,2023-10-28 19:36:00,888.52,BookMyShow,Entertainment,UPI,Mumbai,19,Saturday,No,No,No,No,0,
TXN501581,ACC646571,2023-01-15 22:02:00,144.04,Swiggy,Food Delivery,UPI,Chennai,22,Sunday,No,No,No,No,0,
TXN501582,ACC857997,2023-02-18 22:05:00,616.49,Paytm Mall,E-commerce,Credit Card,Kolkata,22,Saturday,No,No,No,No,0,
TXN501583,ACC722795,2023-09-22 09:39:00,1249.39,Netflix,Subscription,Debit Card,Ahmedabad,9,Friday,No,No,No,No,0,
TXN501584,ACC147489,2023-09-09 10:40:00,1163.48,Uber,Transport,Debit Card,Mumbai,10,Saturday,No,No,No,No,0,
TXN501585,ACC654531,2023-10-26 14:46:00,1799.53,Paytm Mall,E-commerce,UPI,Pune,14,Thursday,No,No,No,No,0,
TXN501586,ACC892911,2023-02-11 14:00:00,633.53,MakeMyTrip,Travel,Credit Card,Delhi,14,Saturday,No,No,No,No,0,
TXN501587,ACC769737,2023-08-06 15:48:00,1990.08,Spotify,Subscription,UPI,Chennai,15,Sunday,No,No,No,No,0,
TXN501588,ACC356622,2023-09-15 10:48:00,42452.77,AbroadMerchant_TK,International,Card-Not-Present,Dubai,10,Friday,Yes,No,Yes,Yes,1,Velocity breach
TXN501589,ACC218326,2023-10-03 02:17:00,72.15,MakeMyTrip,Travel,Net Banking,Delhi,2,Tuesday,No,No,No,No,0,
TXN501590,ACC398384,2023-07-09 10:09:00,1191.14,Paytm Mall,E-commerce,UPI,Delhi,10,Sunday,No,No,No,No,0,
TXN501591,ACC711474,2023-09-16 17:48:00,1510.55,Amazon,E-commerce,Debit Card,Chennai,17,Saturday,No,No,No,No,0,
TXN501592,ACC976822,2023-03-04 03:36:00,205.65,IRCTC,Travel,Credit Card,Ahmedabad,3,Saturday,No,No,No,No,0,
TXN501593,ACC612573,2023-06-28 03:15:00,881.85,Uber,Transport,UPI,Delhi,3,Wednesday,No,No,No,No,0,
TXN501594,ACC992400,2023-03-11 09:13:00,14124.66,Uber,Transport,Net Banking,Chennai,9,Saturday,No,No,No,No,0,
TXN501595,ACC439320,2023-08-14 02:13:00,831.84,Uber,Transport,UPI,Chennai,2,Monday,No,No,No,No,0,
TXN501596,ACC991638,2023-11-17 10:34:00,48771.64,CryptoExch_Anon,Crypto,Card-Not-Present,Unknown,10,Friday,Yes,Yes,Yes,Yes,1,Unknown merchant
TXN501597,ACC965708,2023-02-14 20:21:00,1190.33,Spotify,Subscription,UPI,Hyderabad,20,Tuesday,No,No,No,No,0,
TXN501598,ACC700521,2023-05-07 12:43:00,2177.19,TempStore_7721,Unknown,ATM,London,12,Sunday,Yes,Yes,Yes,No,1,High amount
TXN501599,ACC295361,2023-03-23 17:38:00,1317.81,Zomato,Food Delivery,Debit Card,Pune,17,Thursday,No,No,No,No,0,
TXN501600,ACC166857,2023-05-11 08:04:00,3362.96,Spotify,Subscription,UPI,Hyderabad,8,Thursday,No,No,No,No,0,
TXN501601,ACC578987,2023-10-02 20:58:00,848.71,BookMyShow,Entertainment,UPI,Chennai,20,Monday,No,No,No,No,0,
TXN501602,ACC661147,2023-03-11 15:13:00,564.91,Amazon,E-commerce,UPI,Pune,15,Saturday,No,No,No,No,0,
TXN501603,ACC837952,2023-08-21 03:33:00,14045.35,Netflix,Subscription,Net Banking,Mumbai,3,Monday,No,No,No,No,0,
TXN501604,ACC925618,2023-12-22 21:55:00,57.01,Flipkart,E-commerce,Credit Card,Ahmedabad,21,Friday,No,No,No,No,0,
TXN501605,ACC858414,2023-02-27 22:15:00,7897.77,Spotify,Subscription,Net Banking,Delhi,22,Monday,No,No,No,No,0,
TXN501606,ACC837733,2023-01-11 20:27:00,3373.56,Netflix,Subscription,UPI,Pune,20,Wednesday,No,No,No,No,0,
TXN501607,ACC139286,2023-04-14 09:13:00,8414.43,Flipkart,E-commerce,UPI,Ahmedabad,9,Friday,No,No,No,No,0,
TXN501608,ACC205797,2023-04-24 23:14:00,839.17,IRCTC,Travel,UPI,Chennai,23,Monday,No,No,No,No,0,
TXN501609,ACC538184,2023-11-15 03:22:00,25656.41,IntlCharge_8827,International,NEFT,Kuala Lumpur,3,Wednesday,Yes,Yes,Yes,Yes,1,Velocity breach
TXN501610,ACC906325,2023-03-10 11:16:00,127.06,Netflix,Subscription,UPI,Chennai,11,Friday,No,No,No,No,0,
TXN501611,ACC366817,2023-08-19 14:08:00,11194.59,Amazon,E-commerce,UPI,Pune,14,Saturday,No,No,No,No,0,
TXN501612,ACC416613,2023-05-19 11:49:00,166.02,IRCTC,Travel,UPI,Delhi,11,Friday,No,No,No,No,0,
TXN501613,ACC107161,2023-05-22 17:29:00,975.61,Amazon,E-commerce,Debit Card,Kolkata,17,Monday,No,No,No,No,0,
TXN501614,ACC461264,2023-02-10 15:53:00,411.77,BookMyShow,Entertainment,Net Banking,Bangalore,15,Friday,No,No,No,No,0,
TXN501615,ACC521805,2023-11-15 01:02:00,15308.36,IntlCharge_8827,International,NEFT,New York,1,Wednesday,Yes,Yes,Yes,No,1,High amount
TXN501616,ACC359535,2023-01-07 04:34:00,924.87,Zomato,Food Delivery,UPI,Mumbai,4,Saturday,No,No,No,No,0,
TXN501617,ACC593699,2023-07-20 13:46:00,186.65,BigBasket,Grocery,Credit Card,Mumbai,13,Thursday,No,No,No,No,0,
TXN501618,ACC711474,2023-01-16 01:06:00,524.62,PhonePe Wallet,Wallet,Debit Card,Ahmedabad,1,Monday,No,No,No,No,0,
TXN501619,ACC295243,2023-04-08 01:41:00,384.75,PhonePe Wallet,Wallet,UPI,Ahmedabad,1,Saturday,No,No,No,No,0,
TXN501620,ACC948799,2023-03-14 05:07:00,1746.77,Amazon,E-commerce,UPI,Kolkata,5,Tuesday,No,No,No,No,0,
TXN501621,ACC740632,2023-10-19 05:35:00,1676.76,Netflix,Subscription,Net Banking,Chennai,5,Thursday,No,No,No,No,0,
TXN501622,ACC373453,2023-04-26 09:18:00,9223.99,IntlCharge_8827,International,Card-Not-Present,London,9,Wednesday,Yes,No,Yes,No,1,High amount
TXN501623,ACC584838,2023-04-03 06:58:00,13530.14,TempStore_7721,Unknown,ATM,Dubai,6,Monday,Yes,No,Yes,No,1,Location anomaly
TXN501624,ACC221886,2023-08-17 15:56:00,1365.09,BigBasket,Grocery,UPI,Hyderabad,15,Thursday,No,No,No,No,0,
TXN501625,ACC801765,2023-08-29 13:05:00,1645.77,Ola Cabs,Transport,Credit Card,Pune,13,Tuesday,No,No,No,No,0,
TXN501626,ACC956113,2023-10-27 17:22:00,257.29,Swiggy,Food Delivery,Debit Card,Delhi,17,Friday,No,No,No,No,0,
TXN501627,ACC665979,2023-07-27 22:18:00,8226.6,Uber,Transport,Debit Card,Kolkata,22,Thursday,No,No,No,No,0,
TXN501628,ACC667451,2023-01-31 00:32:00,11739.62,Paytm Mall,E-commerce,UPI,Delhi,0,Tuesday,No,No,No,No,0,
TXN501629,ACC403528,2023-09-09 09:39:00,6574.81,TempStore_7721,Unknown,UPI,Unknown,9,Saturday,Yes,Yes,Yes,No,1,Location anomaly
TXN501630,ACC356622,2023-04-14 12:38:00,1581.57,Uber,Transport,UPI,Pune,12,Friday,No,No,No,No,0,
TXN501631,ACC975373,2023-01-21 16:10:00,1932.66,Swiggy,Food Delivery,UPI,Bangalore,16,Saturday,No,No,No,No,0,
TXN501632,ACC374258,2023-02-03 05:12:00,1497.96,Uber,Transport,UPI,Hyderabad,5,Friday,No,No,No,No,0,
TXN501633,ACC240057,2023-01-02 01:01:00,11669.1,Amazon,E-commerce,Debit Card,Ahmedabad,1,Monday,No,No,No,No,0,
TXN501634,ACC858243,2023-01-02 16:33:00,5277.59,Flipkart,E-commerce,UPI,Mumbai,16,Monday,No,No,No,No,0,
TXN501635,ACC872399,2023-07-16 18:48:00,8428.14,Uber,Transport,UPI,Ahmedabad,18,Sunday,No,No,No,No,0,
TXN501636,ACC212512,2023-07-18 00:34:00,14362.41,Netflix,Subscription,Credit Card,Ahmedabad,0,Tuesday,No,No,No,No,0,
TXN501637,ACC695551,2023-01-26 00:58:00,1946.26,Flipkart,E-commerce,UPI,Kolkata,0,Thursday,No,No,No,No,0,
TXN501638,ACC796353,2023-08-17 02:59:00,230.31,Swiggy,Food Delivery,Credit Card,Pune,2,Thursday,No,No,No,No,0,
TXN501639,ACC958136,2023-06-08 04:01:00,1619.59,IRCTC,Travel,Debit Card,Hyderabad,4,Thursday,No,No,No,No,0,
TXN501640,ACC501058,2023-01-16 14:20:00,538.25,Zomato,Food Delivery,Net Banking,Kolkata,14,Monday,No,No,No,No,0,
TXN501641,ACC669691,2023-02-18 01:35:00,570.64,BigBasket,Grocery,Debit Card,Bangalore,1,Saturday,No,No,No,No,0,
TXN501642,ACC205797,2023-08-17 19:59:00,613.52,Netflix,Subscription,UPI,Hyderabad,19,Thursday,No,No,No,No,0,
TXN501643,ACC792267,2023-05-15 22:20:00,493.43,MakeMyTrip,Travel,Credit Card,Kolkata,22,Monday,No,No,No,No,0,
TXN501644,ACC260626,2023-06-26 14:01:00,360.97,Amazon,E-commerce,UPI,Hyderabad,14,Monday,No,No,No,No,0,
TXN501645,ACC184148,2023-02-05 20:11:00,5729.24,Netflix,Subscription,UPI,Delhi,20,Sunday,No,No,No,No,0,
TXN501646,ACC477017,2023-04-23 01:16:00,20449.1,AbroadMerchant_TK,International,Card-Not-Present,Dubai,1,Sunday,Yes,Yes,Yes,Yes,1,Off-hours
TXN501647,ACC107161,2023-08-23 02:01:00,1503.99,Swiggy,Food Delivery,UPI,Kolkata,2,Wednesday,No,No,No,No,0,
TXN501648,ACC190951,2023-01-16 20:57:00,11560.57,BookMyShow,Entertainment,Debit Card,Hyderabad,20,Monday,No,No,No,No,0,
TXN501649,ACC724756,2023-06-09 12:46:00,3876.25,Amazon,E-commerce,Debit Card,Kolkata,12,Friday,No,No,No,No,0,
TXN501650,ACC995993,2023-07-16 00:06:00,511.37,Flipkart,E-commerce,Net Banking,Pune,0,Sunday,No,No,No,No,0,
TXN501651,ACC724756,2023-05-01 11:35:00,1092.78,Zomato,Food Delivery,UPI,Delhi,11,Monday,No,No,No,No,0,
TXN501652,ACC585494,2023-12-09 05:25:00,11146.7,PhonePe Wallet,Wallet,UPI,Hyderabad,5,Saturday,No,No,No,No,0,
TXN501653,ACC890371,2023-03-08 08:04:00,13079.92,MakeMyTrip,Travel,UPI,Pune,8,Wednesday,No,No,No,No,0,
TXN501654,ACC657772,2023-02-11 21:10:00,167.17,Flipkart,E-commerce,UPI,Pune,21,Saturday,No,No,No,No,0,
TXN501655,ACC645617,2023-03-16 04:15:00,5994.1,Myntra,Apparel,UPI,Kolkata,4,Thursday,No,No,No,No,0,
TXN501656,ACC740632,2023-03-19 02:21:00,1694.78,Netflix,Subscription,Credit Card,Hyderabad,2,Sunday,No,No,No,No,0,
TXN501657,ACC477017,2023-01-09 12:42:00,589.0,Uber,Transport,Debit Card,Ahmedabad,12,Monday,No,No,No,No,0,
TXN501658,ACC581206,2023-09-29 04:29:00,505.33,IRCTC,Travel,UPI,Bangalore,4,Friday,No,No,No,No,0,
TXN501659,ACC135207,2023-05-22 18:51:00,26864.64,AbroadMerchant_TK,International,NEFT,Unknown,18,Monday,Yes,Yes,Yes,Yes,1,Location anomaly
TXN501660,ACC409355,2023-02-21 01:11:00,656.45,Swiggy,Food Delivery,UPI,Delhi,1,Tuesday,No,No,No,No,0,
TXN501661,ACC885386,2023-03-02 22:25:00,1500.75,Amazon,E-commerce,Debit Card,Ahmedabad,22,Thursday,No,No,No,No,0,
TXN501662,ACC116405,2023-07-17 01:03:00,8199.46,IntlCharge_8827,International,ATM,Kuala Lumpur,1,Monday,Yes,Yes,Yes,No,1,Off-hours
TXN501663,ACC576419,2023-02-11 02:51:00,113.25,BookMyShow,Entertainment,UPI,Chennai,2,Saturday,No,No,No,No,0,
TXN501664,ACC792267,2023-02-20 18:52:00,11739.8,PhonePe Wallet,Wallet,Credit Card,Bangalore,18,Monday,No,No,No,No,0,
TXN501665,ACC772464,2023-09-17 08:06:00,1290.46,Flipkart,E-commerce,UPI,Hyderabad,8,Sunday,No,No,No,No,0,
TXN501666,ACC270387,2023-04-16 14:21:00,373.01,IRCTC,Travel,UPI,Ahmedabad,14,Sunday,No,No,No,No,0,
TXN501667,ACC963355,2023-03-12 14:38:00,7401.52,Netflix,Subscription,UPI,Mumbai,14,Sunday,No,No,No,No,0,
TXN501668,ACC740632,2023-11-12 15:53:00,11856.19,BigBasket,Grocery,Net Banking,Pune,15,Sunday,No,No,No,No,0,
TXN501669,ACC548479,2023-10-02 06:31:00,1683.13,Myntra,Apparel,Debit Card,Mumbai,6,Monday,No,No,No,No,0,
TXN501670,ACC159185,2023-01-08 21:46:00,1120.63,Uber,Transport,Debit Card,Mumbai,21,Sunday,No,No,No,No,0,
TXN501671,ACC257131,2023-04-10 04:13:00,820.76,MakeMyTrip,Travel,UPI,Kolkata,4,Monday,No,No,No,No,0,
TXN501672,ACC163182,2023-10-10 11:54:00,88.85,PhonePe Wallet,Wallet,Net Banking,Delhi,11,Tuesday,No,No,No,No,0,
TXN501673,ACC967161,2023-05-06 18:54:00,1866.46,MakeMyTrip,Travel,UPI,Hyderabad,18,Saturday,No,No,No,No,0,
TXN501674,ACC540781,2023-06-02 04:24:00,474.29,Swiggy,Food Delivery,Credit Card,Bangalore,4,Friday,No,No,No,No,0,
TXN501675,ACC997734,2023-11-14 17:55:00,612.69,IRCTC,Travel,UPI,Mumbai,17,Tuesday,No,No,No,No,0,
TXN501676,ACC302544,2023-08-06 19:51:00,195.46,Netflix,Subscription,UPI,Hyderabad,19,Sunday,No,No,No,No,0,
TXN501677,ACC328486,2023-10-09 12:44:00,500.62,BookMyShow,Entertainment,Credit Card,Chennai,12,Monday,No,No,No,No,0,
TXN501678,ACC872399,2023-01-02 10:01:00,1534.06,Spotify,Subscription,UPI,Ahmedabad,10,Monday,No,No,No,No,0,
TXN501679,ACC646571,2023-08-06 03:20:00,531.22,PhonePe Wallet,Wallet,UPI,Bangalore,3,Sunday,No,No,No,No,0,
TXN501680,ACC975373,2023-09-10 10:51:00,311.27,Swiggy,Food Delivery,Credit Card,Hyderabad,10,Sunday,No,No,No,No,0,
TXN501681,ACC834406,2023-11-24 01:48:00,950.63,Ola Cabs,Transport,Credit Card,Pune,1,Friday,No,No,No,No,0,
TXN501682,ACC147489,2023-05-24 13:49:00,3322.69,PhonePe Wallet,Wallet,UPI,Chennai,13,Wednesday,No,No,No,No,0,
TXN501683,ACC670892,2023-03-04 11:24:00,1322.06,Netflix,Subscription,UPI,Ahmedabad,11,Saturday,No,No,No,No,0,
TXN501684,ACC329772,2023-02-20 15:20:00,1563.82,BookMyShow,Entertainment,Credit Card,Delhi,15,Monday,No,No,No,No,0,
TXN501685,ACC158338,2023-12-28 14:42:00,5374.28,BigBasket,Grocery,Debit Card,Kolkata,14,Thursday,No,No,No,No,0,
TXN501686,ACC421709,2023-10-12 16:53:00,3769.39,BookMyShow,Entertainment,UPI,Kolkata,16,Thursday,No,No,No,No,0,
TXN501687,ACC583000,2023-02-04 22:13:00,1119.56,Myntra,Apparel,UPI,Hyderabad,22,Saturday,No,No,No,No,0,
TXN501688,ACC356622,2023-08-09 23:32:00,1797.05,Spotify,Subscription,UPI,Kolkata,23,Wednesday,No,No,No,No,0,
TXN501689,ACC347781,2023-01-30 22:21:00,508.87,Netflix,Subscription,Debit Card,Ahmedabad,22,Monday,No,No,No,No,0,
TXN501690,ACC779776,2023-06-17 19:54:00,67.23,PhonePe Wallet,Wallet,Net Banking,Kolkata,19,Saturday,No,No,No,No,0,
TXN501691,ACC340820,2023-09-14 19:56:00,25015.08,AbroadMerchant_TK,International,UPI,Singapore,19,Thursday,Yes,Yes,Yes,Yes,1,Velocity breach
TXN501692,ACC270387,2023-10-28 22:55:00,12986.02,Amazon,E-commerce,Net Banking,Chennai,22,Saturday,No,No,No,No,0,
TXN501693,ACC801765,2023-08-22 23:13:00,166.29,BigBasket,Grocery,UPI,Delhi,23,Tuesday,No,No,No,No,0,
TXN501694,ACC147489,2023-11-30 15:27:00,874.72,Flipkart,E-commerce,UPI,Bangalore,15,Thursday,No,No,No,No,0,
TXN501695,ACC544278,2023-02-28 09:17:00,1127.35,Spotify,Subscription,UPI,Kolkata,9,Tuesday,No,No,No,No,0,
TXN501696,ACC646571,2023-04-02 05:01:00,37355.78,IntlCharge_8827,International,Card-Not-Present,New York,5,Sunday,Yes,Yes,Yes,Yes,1,Unknown merchant
TXN501697,ACC242007,2023-05-18 15:53:00,168.07,Swiggy,Food Delivery,UPI,Chennai,15,Thursday,No,No,No,No,0,
TXN501698,ACC626930,2023-08-17 01:56:00,1885.66,Myntra,Apparel,Net Banking,Kolkata,1,Thursday,No,No,No,No,0,
TXN501699,ACC164758,2023-07-12 18:14:00,5622.28,Spotify,Subscription,Debit Card,Kolkata,18,Wednesday,No,No,No,No,0,
TXN501700,ACC858243,2023-10-04 07:36:00,683.94,Amazon,E-commerce,UPI,Hyderabad,7,Wednesday,No,No,No,No,0,
TXN501701,ACC601410,2023-11-06 07:08:00,1416.39,PhonePe Wallet,Wallet,UPI,Bangalore,7,Monday,No,No,No,No,0,
TXN501702,ACC133276,2023-04-24 11:41:00,14958.04,UnknownMerchant_XYZ,Unknown,NEFT,New York,11,Monday,Yes,Yes,Yes,No,1,Velocity breach
TXN501703,ACC184148,2023-08-20 12:41:00,374.1,Myntra,Apparel,UPI,Chennai,12,Sunday,No,No,No,No,0,
TXN501704,ACC461264,2023-01-12 14:46:00,2036.26,Amazon,E-commerce,Net Banking,Hyderabad,14,Thursday,No,No,No,No,0,
TXN501705,ACC516278,2023-03-28 01:34:00,1848.61,Amazon,E-commerce,Debit Card,Mumbai,1,Tuesday,No,No,No,No,0,
TXN501706,ACC270387,2023-07-10 09:56:00,514.48,Spotify,Subscription,Debit Card,Chennai,9,Monday,No,No,No,No,0,
TXN501707,ACC423139,2023-04-09 07:13:00,747.17,BigBasket,Grocery,Credit Card,Hyderabad,7,Sunday,No,No,No,No,0,
TXN501708,ACC240718,2023-02-28 19:56:00,491.17,Uber,Transport,Net Banking,Chennai,19,Tuesday,No,No,No,No,0,
TXN501709,ACC403314,2023-10-14 09:44:00,427.6,Netflix,Subscription,Debit Card,Pune,9,Saturday,No,No,No,No,0,
TXN501710,ACC857997,2023-10-31 13:08:00,101.97,Amazon,E-commerce,Debit Card,Delhi,13,Tuesday,No,No,No,No,0,
TXN501711,ACC653829,2023-05-19 02:10:00,700.01,MakeMyTrip,Travel,UPI,Bangalore,2,Friday,No,No,No,No,0,
TXN501712,ACC940952,2023-09-12 12:12:00,24081.57,UnknownMerchant_XYZ,Unknown,UPI,Singapore,12,Tuesday,Yes,Yes,Yes,Yes,1,Velocity breach
TXN501713,ACC978292,2023-07-16 05:38:00,32063.17,CryptoExch_Anon,Crypto,ATM,New York,5,Sunday,Yes,Yes,Yes,Yes,1,Unknown merchant
TXN501714,ACC409355,2023-10-28 04:11:00,6840.9,Zomato,Food Delivery,Net Banking,Bangalore,4,Saturday,No,No,No,No,0,
TXN501715,ACC181896,2023-08-31 10:09:00,1277.63,Ola Cabs,Transport,UPI,Mumbai,10,Thursday,No,No,No,No,0,
TXN501716,ACC975373,2023-04-28 00:00:00,1764.75,Flipkart,E-commerce,Credit Card,Bangalore,0,Friday,No,No,No,No,0,
TXN501717,ACC111991,2023-12-28 03:04:00,34568.92,CryptoExch_Anon,Crypto,UPI,Singapore,3,Thursday,Yes,Yes,Yes,Yes,1,Unknown merchant
TXN501718,ACC485397,2023-03-13 03:37:00,5298.01,VPN_Service_Anon,Digital,Card-Not-Present,London,3,Monday,Yes,No,Yes,No,1,High amount
TXN501719,ACC854024,2023-11-23 04:16:00,297.36,PhonePe Wallet,Wallet,UPI,Bangalore,4,Thursday,No,No,No,No,0,
TXN501720,ACC675914,2023-12-29 08:40:00,1415.8,Netflix,Subscription,Credit Card,Mumbai,8,Friday,No,No,No,No,0,
TXN501721,ACC389039,2023-09-10 01:27:00,1667.55,PhonePe Wallet,Wallet,UPI,Bangalore,1,Sunday,No,No,No,No,0,
TXN501722,ACC955413,2023-08-09 11:06:00,373.56,Myntra,Apparel,Credit Card,Kolkata,11,Wednesday,No,No,No,No,0,
TXN501723,ACC726822,2023-06-20 20:32:00,36774.55,CryptoExch_Anon,Crypto,ATM,New York,20,Tuesday,Yes,No,Yes,Yes,1,Off-hours
TXN501724,ACC567122,2023-12-25 13:45:00,385.21,Netflix,Subscription,Net Banking,Kolkata,13,Monday,No,No,No,No,0,
TXN501725,ACC646571,2023-03-28 11:19:00,472.58,MakeMyTrip,Travel,Debit Card,Kolkata,11,Tuesday,No,No,No,No,0,
TXN501726,ACC477017,2023-04-04 11:00:00,10627.95,Netflix,Subscription,Credit Card,Bangalore,11,Tuesday,No,No,No,No,0,
TXN501727,ACC628373,2023-07-30 06:37:00,401.55,Netflix,Subscription,Debit Card,Bangalore,6,Sunday,No,No,No,No,0,
TXN501728,ACC853504,2023-05-28 18:36:00,10516.62,BigBasket,Grocery,UPI,Bangalore,18,Sunday,No,No,No,No,0,
TXN501729,ACC293757,2023-07-29 12:00:00,1664.66,BookMyShow,Entertainment,Debit Card,Kolkata,12,Saturday,No,No,No,No,0,
TXN501730,ACC583000,2023-05-26 20:02:00,1248.32,Amazon,E-commerce,Credit Card,Chennai,20,Friday,No,No,No,No,0,
TXN501731,ACC345722,2023-11-14 05:08:00,9694.52,BigBasket,Grocery,UPI,Mumbai,5,Tuesday,No,No,No,No,0,
TXN501732,ACC976822,2023-09-28 04:29:00,32970.18,AbroadMerchant_TK,International,NEFT,Singapore,4,Thursday,Yes,Yes,Yes,Yes,1,High amount
TXN501733,ACC184148,2023-01-29 15:27:00,19576.18,IntlCharge_8827,International,UPI,London,15,Sunday,Yes,Yes,Yes,No,1,Location anomaly
TXN501734,ACC735163,2023-08-26 05:12:00,917.15,BookMyShow,Entertainment,Debit Card,Delhi,5,Saturday,No,No,No,No,0,
TXN501735,ACC907236,2023-07-30 03:00:00,3211.0,Ola Cabs,Transport,Debit Card,Pune,3,Sunday,No,No,No,No,0,
TXN501736,ACC409355,2023-07-19 11:17:00,7976.97,MakeMyTrip,Travel,UPI,Ahmedabad,11,Wednesday,No,No,No,No,0,
TXN501737,ACC804667,2023-07-05 15:26:00,1724.37,MakeMyTrip,Travel,Debit Card,Pune,15,Wednesday,No,No,No,No,0,
TXN501738,ACC451317,2023-05-23 13:51:00,973.09,Swiggy,Food Delivery,Net Banking,Delhi,13,Tuesday,No,No,No,No,0,
TXN501739,ACC705526,2023-04-07 05:19:00,609.71,Uber,Transport,Credit Card,Pune,5,Friday,No,No,No,No,0,
TXN501740,ACC792267,2023-03-28 07:17:00,21448.18,CryptoExch_Anon,Crypto,ATM,Singapore,7,Tuesday,Yes,No,Yes,Yes,1,High amount
TXN501741,ACC975373,2023-10-19 00:10:00,1556.79,Myntra,Apparel,UPI,Kolkata,0,Thursday,No,No,No,No,0,
TXN501742,ACC164758,2023-12-19 14:11:00,1055.65,IRCTC,Travel,Debit Card,Hyderabad,14,Tuesday,No,No,No,No,0,
TXN501743,ACC691303,2023-11-17 10:30:00,812.09,Uber,Transport,UPI,Mumbai,10,Friday,No,No,No,No,0,
TXN501744,ACC601410,2023-09-02 17:04:00,10418.06,BookMyShow,Entertainment,Credit Card,Delhi,17,Saturday,No,No,No,No,0,
TXN501745,ACC116405,2023-09-25 08:17:00,9049.02,IRCTC,Travel,Net Banking,Hyderabad,8,Monday,No,No,No,No,0,
TXN501746,ACC495833,2023-08-28 04:43:00,806.01,MakeMyTrip,Travel,UPI,Hyderabad,4,Monday,No,No,No,No,0,
TXN501747,ACC853504,2023-09-23 11:52:00,3938.99,Paytm Mall,E-commerce,UPI,Bangalore,11,Saturday,No,No,No,No,0,
TXN501748,ACC283568,2023-09-22 09:21:00,1683.37,Amazon,E-commerce,Credit Card,Chennai,9,Friday,No,No,No,No,0,
TXN501749,ACC785280,2023-01-18 10:57:00,533.56,Amazon,E-commerce,UPI,Chennai,10,Wednesday,No,No,No,No,0,
TXN501750,ACC654531,2023-12-07 06:01:00,1416.64,Spotify,Subscription,UPI,Bangalore,6,Thursday,No,No,No,No,0,
TXN501751,ACC501058,2023-09-01 18:41:00,7877.59,BookMyShow,Entertainment,Debit Card,Hyderabad,18,Friday,No,No,No,No,0,
TXN501752,ACC238353,2023-12-13 19:51:00,450.23,Spotify,Subscription,UPI,Bangalore,19,Wednesday,No,No,No,No,0,
TXN501753,ACC903265,2023-09-04 12:01:00,1293.48,Uber,Transport,Debit Card,Bangalore,12,Monday,No,No,No,No,0,
TXN501754,ACC412856,2023-01-31 08:41:00,9085.85,Spotify,Subscription,UPI,Ahmedabad,8,Tuesday,No,No,No,No,0,
TXN501755,ACC769737,2023-04-06 01:48:00,834.33,Swiggy,Food Delivery,Debit Card,Ahmedabad,1,Thursday,No,No,No,No,0,
TXN501756,ACC250219,2023-10-25 05:49:00,1250.63,Spotify,Subscription,UPI,Ahmedabad,5,Wednesday,No,No,No,No,0,
TXN501757,ACC184148,2023-12-26 10:56:00,447.94,Netflix,Subscription,Credit Card,Kolkata,10,Tuesday,No,No,No,No,0,
TXN501758,ACC785436,2023-07-27 18:18:00,1450.03,BigBasket,Grocery,UPI,Delhi,18,Thursday,No,No,No,No,0,
TXN501759,ACC575458,2023-06-04 21:40:00,9352.55,Flipkart,E-commerce,UPI,Ahmedabad,21,Sunday,No,No,No,No,0,
TXN501760,ACC165142,2023-02-02 19:21:00,420.21,Spotify,Subscription,Debit Card,Pune,19,Thursday,No,No,No,No,0,
TXN501761,ACC205797,2023-05-23 21:50:00,1632.86,IRCTC,Travel,UPI,Ahmedabad,21,Tuesday,No,No,No,No,0,
TXN501762,ACC495833,2023-08-30 16:55:00,1286.33,MakeMyTrip,Travel,Credit Card,Delhi,16,Wednesday,No,No,No,No,0,
TXN501763,ACC356622,2023-10-24 01:06:00,542.57,Zomato,Food Delivery,Credit Card,Delhi,1,Tuesday,No,No,No,No,0,
TXN501764,ACC975373,2023-01-24 03:30:00,46848.0,UnknownMerchant_XYZ,Unknown,NEFT,London,3,Tuesday,Yes,No,Yes,Yes,1,Unknown merchant
TXN501765,ACC398384,2023-04-15 00:32:00,26993.55,VPN_Service_Anon,Digital,Card-Not-Present,New York,0,Saturday,Yes,Yes,Yes,Yes,1,Velocity breach
TXN501766,ACC356622,2023-03-26 19:26:00,627.17,Paytm Mall,E-commerce,UPI,Mumbai,19,Sunday,No,No,No,No,0,
TXN501767,ACC585494,2023-03-17 16:32:00,10340.62,Ola Cabs,Transport,UPI,Pune,16,Friday,No,No,No,No,0,
TXN501768,ACC665979,2023-01-02 13:59:00,34286.19,TempStore_7721,Unknown,NEFT,Kuala Lumpur,13,Monday,Yes,Yes,Yes,Yes,1,Velocity breach
TXN501769,ACC777255,2023-07-20 04:00:00,10123.71,Paytm Mall,E-commerce,UPI,Mumbai,4,Thursday,No,No,No,No,0,
TXN501770,ACC826420,2023-08-04 06:43:00,12439.89,MakeMyTrip,Travel,UPI,Bangalore,6,Friday,No,No,No,No,0,
TXN501771,ACC804667,2023-12-15 15:57:00,71.36,Amazon,E-commerce,Debit Card,Pune,15,Friday,No,No,No,No,0,
TXN501772,ACC461264,2023-04-21 13:38:00,354.61,Amazon,E-commerce,UPI,Chennai,13,Friday,No,No,No,No,0,
TXN501773,ACC568449,2023-10-19 14:25:00,6897.39,Spotify,Subscription,Debit Card,Mumbai,14,Thursday,No,No,No,No,0,
TXN501774,ACC257131,2023-05-05 12:20:00,1788.22,BigBasket,Grocery,Credit Card,Kolkata,12,Friday,No,No,No,No,0,
TXN501775,ACC866634,2023-12-25 17:52:00,1568.82,PhonePe Wallet,Wallet,UPI,Kolkata,17,Monday,No,No,No,No,0,
TXN501776,ACC170559,2023-10-07 04:07:00,1996.25,Myntra,Apparel,UPI,Pune,4,Saturday,No,No,No,No,0,
TXN501777,ACC568436,2023-04-12 04:14:00,12081.02,Zomato,Food Delivery,UPI,Pune,4,Wednesday,No,No,No,No,0,
TXN501778,ACC544278,2023-10-25 09:36:00,48390.17,AbroadMerchant_TK,International,ATM,Kuala Lumpur,9,Wednesday,Yes,Yes,Yes,Yes,1,Location anomaly
TXN501779,ACC421709,2023-11-06 16:24:00,2144.04,BigBasket,Grocery,UPI,Kolkata,16,Monday,No,No,No,No,0,
TXN501780,ACC910065,2023-10-26 13:11:00,785.06,IRCTC,Travel,Debit Card,Chennai,13,Thursday,No,No,No,No,0,
TXN501781,ACC403314,2023-09-02 12:35:00,6838.2,Paytm Mall,E-commerce,Credit Card,Mumbai,12,Saturday,No,No,No,No,0,
TXN501782,ACC813390,2023-09-26 05:03:00,1897.68,Paytm Mall,E-commerce,Debit Card,Hyderabad,5,Tuesday,No,No,No,No,0,
TXN501783,ACC525110,2023-11-03 02:09:00,834.78,BigBasket,Grocery,Net Banking,Ahmedabad,2,Friday,No,No,No,No,0,
TXN501784,ACC386090,2023-06-06 23:41:00,492.32,Ola Cabs,Transport,Credit Card,Chennai,23,Tuesday,No,No,No,No,0,
TXN501785,ACC223119,2023-09-22 18:31:00,7657.52,CryptoExch_Anon,Crypto,NEFT,Kuala Lumpur,18,Friday,Yes,Yes,Yes,No,1,Location anomaly
TXN501786,ACC665979,2023-08-11 20:20:00,629.39,Spotify,Subscription,UPI,Pune,20,Friday,No,No,No,No,0,
TXN501787,ACC568436,2023-01-29 16:11:00,8298.23,IRCTC,Travel,UPI,Kolkata,16,Sunday,No,No,No,No,0,
TXN501788,ACC807160,2023-11-15 08:35:00,1259.86,MakeMyTrip,Travel,Net Banking,Hyderabad,8,Wednesday,No,No,No,No,0,
TXN501789,ACC858243,2023-02-13 15:42:00,529.71,Myntra,Apparel,UPI,Kolkata,15,Monday,No,No,No,No,0,
TXN501790,ACC462974,2023-03-20 20:58:00,1553.93,Uber,Transport,Net Banking,Pune,20,Monday,No,No,No,No,0,
TXN501791,ACC857997,2023-06-12 07:04:00,428.63,Ola Cabs,Transport,Net Banking,Mumbai,7,Monday,No,No,No,No,0,
TXN501792,ACC837733,2023-11-25 05:04:00,731.74,PhonePe Wallet,Wallet,Debit Card,Mumbai,5,Saturday,No,No,No,No,0,
TXN501793,ACC792282,2023-11-02 23:04:00,459.44,Flipkart,E-commerce,Credit Card,Bangalore,23,Thursday,No,No,No,No,0,
TXN501794,ACC315379,2023-05-21 14:18:00,2333.75,Paytm Mall,E-commerce,Debit Card,Bangalore,14,Sunday,No,No,No,No,0,
TXN501795,ACC590755,2023-01-03 22:53:00,2926.8,PhonePe Wallet,Wallet,UPI,Mumbai,22,Tuesday,No,No,No,No,0,
TXN501796,ACC366817,2023-02-15 15:44:00,1099.52,IRCTC,Travel,Net Banking,Hyderabad,15,Wednesday,No,No,No,No,0,
TXN501797,ACC813390,2023-01-19 19:52:00,1138.77,Swiggy,Food Delivery,Credit Card,Delhi,19,Thursday,No,No,No,No,0,
TXN501798,ACC892911,2023-05-14 08:45:00,10663.27,Netflix,Subscription,UPI,Mumbai,8,Sunday,No,No,No,No,0,
TXN501799,ACC340820,2023-01-02 01:18:00,1612.26,Amazon,E-commerce,UPI,Pune,1,Monday,No,No,No,No,0,
TXN501800,ACC138105,2023-05-08 19:59:00,341.74,Netflix,Subscription,Net Banking,Kolkata,19,Monday,No,No,No,No,0,
TXN501801,ACC695551,2023-05-03 16:23:00,1650.5,MakeMyTrip,Travel,UPI,Ahmedabad,16,Wednesday,No,No,No,No,0,
TXN501802,ACC568436,2023-07-20 10:10:00,5672.3,Flipkart,E-commerce,Debit Card,Chennai,10,Thursday,No,No,No,No,0,
TXN501803,ACC584838,2023-08-02 04:12:00,1868.45,Amazon,E-commerce,Net Banking,Mumbai,4,Wednesday,No,No,No,No,0,
TXN501804,ACC116405,2023-11-06 17:30:00,1213.33,Amazon,E-commerce,Debit Card,Pune,17,Monday,No,No,No,No,0,
TXN501805,ACC426084,2023-12-15 04:51:00,18959.31,AbroadMerchant_TK,International,UPI,Dubai,4,Friday,Yes,No,Yes,No,1,Unknown merchant
TXN501806,ACC704095,2023-01-25 10:10:00,9721.99,Netflix,Subscription,Credit Card,Mumbai,10,Wednesday,No,No,No,No,0,
TXN501807,ACC416613,2023-03-17 00:20:00,63.67,IRCTC,Travel,UPI,Hyderabad,0,Friday,No,No,No,No,0,
TXN501808,ACC462974,2023-12-24 01:55:00,1373.88,Paytm Mall,E-commerce,Net Banking,Delhi,1,Sunday,No,No,No,No,0,
TXN501809,ACC700521,2023-07-19 23:04:00,5539.89,Spotify,Subscription,Net Banking,Kolkata,23,Wednesday,No,No,No,No,0,
TXN501810,ACC540781,2023-04-03 07:20:00,1529.94,Uber,Transport,UPI,Bangalore,7,Monday,No,No,No,No,0,
TXN501811,ACC521805,2023-06-04 00:08:00,4809.06,Myntra,Apparel,UPI,Kolkata,0,Sunday,No,No,No,No,0,
TXN501812,ACC772464,2023-07-21 07:02:00,821.83,Zomato,Food Delivery,Credit Card,Kolkata,7,Friday,No,No,No,No,0,
TXN501813,ACC913761,2023-10-28 03:00:00,135.41,Spotify,Subscription,Debit Card,Mumbai,3,Saturday,No,No,No,No,0,
TXN501814,ACC516278,2023-11-08 08:21:00,6823.36,BigBasket,Grocery,Debit Card,Hyderabad,8,Wednesday,No,No,No,No,0,
TXN501815,ACC436241,2023-11-29 05:25:00,3729.62,Amazon,E-commerce,Net Banking,Hyderabad,5,Wednesday,No,No,No,No,0,
TXN501816,ACC567122,2023-05-12 08:40:00,607.37,Flipkart,E-commerce,Credit Card,Pune,8,Friday,No,No,No,No,0,
TXN501817,ACC114768,2023-03-05 17:01:00,1210.72,Ola Cabs,Transport,Credit Card,Chennai,17,Sunday,No,No,No,No,0,
TXN501818,ACC969032,2023-06-19 12:25:00,3942.3,BigBasket,Grocery,UPI,Ahmedabad,12,Monday,No,No,No,No,0,
TXN501819,ACC540781,2023-07-14 00:15:00,6024.76,Netflix,Subscription,Net Banking,Mumbai,0,Friday,No,No,No,No,0,
TXN501820,ACC975373,2023-11-24 04:48:00,45093.89,AbroadMerchant_TK,International,Card-Not-Present,Unknown,4,Friday,Yes,Yes,Yes,Yes,1,Velocity breach
TXN501821,ACC628705,2023-07-07 16:23:00,1912.04,Amazon,E-commerce,Net Banking,Delhi,16,Friday,No,No,No,No,0,
TXN501822,ACC453487,2023-06-11 13:03:00,778.17,Myntra,Apparel,Debit Card,Delhi,13,Sunday,No,No,No,No,0,
TXN501823,ACC575458,2023-06-07 14:36:00,781.98,BookMyShow,Entertainment,UPI,Delhi,14,Wednesday,No,No,No,No,0,
TXN501824,ACC657772,2023-10-26 01:20:00,11860.13,Uber,Transport,UPI,Kolkata,1,Thursday,No,No,No,No,0,
TXN501825,ACC777255,2023-10-25 06:27:00,13454.39,Myntra,Apparel,UPI,Pune,6,Wednesday,No,No,No,No,0,
TXN501826,ACC806215,2023-07-22 17:00:00,5157.54,Myntra,Apparel,UPI,Ahmedabad,17,Saturday,No,No,No,No,0,
TXN501827,ACC651033,2023-05-06 00:51:00,5057.97,VPN_Service_Anon,Digital,ATM,London,0,Saturday,Yes,Yes,Yes,No,1,Off-hours
TXN501828,ACC902674,2023-05-04 06:12:00,1395.9,Spotify,Subscription,UPI,Chennai,6,Thursday,No,No,No,No,0,
TXN501829,ACC777255,2023-05-29 08:02:00,11920.13,BigBasket,Grocery,Net Banking,Ahmedabad,8,Monday,No,No,No,No,0,
TXN501830,ACC421709,2023-05-13 05:28:00,1432.76,PhonePe Wallet,Wallet,UPI,Bangalore,5,Saturday,No,No,No,No,0,
TXN501831,ACC223967,2023-01-12 18:06:00,50.26,BookMyShow,Entertainment,Credit Card,Pune,18,Thursday,No,No,No,No,0,
TXN501832,ACC444056,2023-09-11 21:04:00,12396.04,Flipkart,E-commerce,Credit Card,Hyderabad,21,Monday,No,No,No,No,0,
TXN501833,ACC238353,2023-05-18 22:21:00,1798.56,BigBasket,Grocery,UPI,Chennai,22,Thursday,No,No,No,No,0,
TXN501834,ACC443856,2023-01-16 00:45:00,604.47,Spotify,Subscription,UPI,Kolkata,0,Monday,No,No,No,No,0,
TXN501835,ACC568436,2023-03-07 15:28:00,960.38,PhonePe Wallet,Wallet,Net Banking,Kolkata,15,Tuesday,No,No,No,No,0,
TXN501836,ACC583000,2023-01-15 14:00:00,787.98,IRCTC,Travel,UPI,Bangalore,14,Sunday,No,No,No,No,0,
TXN501837,ACC563303,2023-03-11 20:18:00,1469.46,Swiggy,Food Delivery,Net Banking,Bangalore,20,Saturday,No,No,No,No,0,
TXN501838,ACC287143,2023-08-31 11:32:00,14038.05,BigBasket,Grocery,UPI,Bangalore,11,Thursday,No,No,No,No,0,
TXN501839,ACC796353,2023-12-28 12:12:00,12320.18,Netflix,Subscription,Net Banking,Pune,12,Thursday,No,No,No,No,0,
TXN501840,ACC969032,2023-10-21 14:17:00,1309.09,Myntra,Apparel,UPI,Ahmedabad,14,Saturday,No,No,No,No,0,
TXN501841,ACC327823,2023-12-29 08:53:00,1589.71,Flipkart,E-commerce,Credit Card,Hyderabad,8,Friday,No,No,No,No,0,
TXN501842,ACC969032,2023-11-02 22:51:00,10416.27,VPN_Service_Anon,Digital,NEFT,Unknown,22,Thursday,Yes,Yes,Yes,No,1,Velocity breach
TXN501843,ACC260626,2023-10-30 08:57:00,247.79,Zomato,Food Delivery,Credit Card,Delhi,8,Monday,No,No,No,No,0,
TXN501844,ACC704095,2023-06-23 07:16:00,192.81,Amazon,E-commerce,Debit Card,Bangalore,7,Friday,No,No,No,No,0,
TXN501845,ACC876513,2023-12-27 09:31:00,6433.1,BookMyShow,Entertainment,UPI,Ahmedabad,9,Wednesday,No,No,No,No,0,
TXN501846,ACC744793,2023-09-27 04:58:00,1114.77,BigBasket,Grocery,UPI,Pune,4,Wednesday,No,No,No,No,0,
TXN501847,ACC576419,2023-07-16 22:04:00,1172.29,Uber,Transport,UPI,Ahmedabad,22,Sunday,No,No,No,No,0,
TXN501848,ACC560285,2023-05-19 12:01:00,10105.92,Netflix,Subscription,UPI,Chennai,12,Friday,No,No,No,No,0,
TXN501849,ACC874568,2023-11-14 14:09:00,282.69,IRCTC,Travel,UPI,Kolkata,14,Tuesday,No,No,No,No,0,
TXN501850,ACC200018,2023-01-04 03:26:00,926.76,Myntra,Apparel,Net Banking,Hyderabad,3,Wednesday,No,No,No,No,0,
TXN501851,ACC804667,2023-07-24 10:20:00,1782.51,Netflix,Subscription,Net Banking,Pune,10,Monday,No,No,No,No,0,
TXN501852,ACC858243,2023-01-04 01:24:00,1065.99,Paytm Mall,E-commerce,UPI,Pune,1,Wednesday,No,No,No,No,0,
TXN501853,ACC948102,2023-08-01 12:22:00,16288.23,CryptoExch_Anon,Crypto,ATM,London,12,Tuesday,Yes,Yes,Yes,No,1,Unknown merchant
TXN501854,ACC205797,2023-10-29 19:30:00,4622.31,MakeMyTrip,Travel,UPI,Kolkata,19,Sunday,No,No,No,No,0,
TXN501855,ACC836038,2023-06-12 15:55:00,1473.87,Amazon,E-commerce,Credit Card,Pune,15,Monday,No,No,No,No,0,
TXN501856,ACC744481,2023-09-20 20:26:00,1604.76,Amazon,E-commerce,UPI,Mumbai,20,Wednesday,No,No,No,No,0,
TXN501857,ACC217659,2023-02-05 06:17:00,2860.78,Ola Cabs,Transport,UPI,Ahmedabad,6,Sunday,No,No,No,No,0,
TXN501858,ACC247442,2023-05-20 10:09:00,574.02,Paytm Mall,E-commerce,Credit Card,Pune,10,Saturday,No,No,No,No,0,
TXN501859,ACC670892,2023-04-15 11:48:00,786.4,Netflix,Subscription,Net Banking,Hyderabad,11,Saturday,No,No,No,No,0,
TXN501860,ACC577079,2023-10-21 08:43:00,1189.73,Amazon,E-commerce,UPI,Kolkata,8,Saturday,No,No,No,No,0,
TXN501861,ACC898867,2023-05-19 04:41:00,136.38,Spotify,Subscription,UPI,Hyderabad,4,Friday,No,No,No,No,0,
TXN501862,ACC284327,2023-08-28 06:54:00,7720.24,BookMyShow,Entertainment,Credit Card,Ahmedabad,6,Monday,No,No,No,No,0,
TXN501863,ACC806215,2023-07-05 19:23:00,180.05,Swiggy,Food Delivery,UPI,Chennai,19,Wednesday,No,No,No,No,0,
TXN501864,ACC801765,2023-11-07 10:50:00,1064.0,Ola Cabs,Transport,Debit Card,Kolkata,10,Tuesday,No,No,No,No,0,
TXN501865,ACC601410,2023-03-28 13:01:00,784.65,Uber,Transport,Net Banking,Bangalore,13,Tuesday,No,No,No,No,0,
TXN501866,ACC262656,2023-05-30 16:13:00,914.73,Swiggy,Food Delivery,UPI,Chennai,16,Tuesday,No,No,No,No,0,
TXN501867,ACC853504,2023-07-10 02:51:00,1606.55,Paytm Mall,E-commerce,Debit Card,Pune,2,Monday,No,No,No,No,0,
TXN501868,ACC882032,2023-06-24 18:19:00,1207.75,Zomato,Food Delivery,Debit Card,Chennai,18,Saturday,No,No,No,No,0,
TXN501869,ACC107161,2023-04-23 20:30:00,1030.04,Swiggy,Food Delivery,Net Banking,Chennai,20,Sunday,No,No,No,No,0,
TXN501870,ACC958136,2023-01-29 01:45:00,5545.53,Spotify,Subscription,UPI,Mumbai,1,Sunday,No,No,No,No,0,
TXN501871,ACC164758,2023-08-27 14:37:00,1592.57,Myntra,Apparel,Debit Card,Hyderabad,14,Sunday,No,No,No,No,0,
TXN501872,ACC270387,2023-10-06 17:39:00,459.76,Ola Cabs,Transport,Credit Card,Delhi,17,Friday,No,No,No,No,0,
TXN501873,ACC617904,2023-10-13 18:19:00,7077.89,Myntra,Apparel,UPI,Chennai,18,Friday,No,No,No,No,0,
TXN501874,ACC205797,2023-08-15 13:13:00,94.57,Paytm Mall,E-commerce,Debit Card,Bangalore,13,Tuesday,No,No,No,No,0,
TXN501875,ACC284019,2023-04-03 03:59:00,1583.38,Ola Cabs,Transport,Debit Card,Delhi,3,Monday,No,No,No,No,0,
TXN501876,ACC665979,2023-09-25 20:24:00,1328.54,Spotify,Subscription,UPI,Ahmedabad,20,Monday,No,No,No,No,0,
TXN501877,ACC133276,2023-11-02 01:55:00,1192.97,Swiggy,Food Delivery,UPI,Kolkata,1,Thursday,No,No,No,No,0,
TXN501878,ACC536045,2023-04-25 08:57:00,5949.25,Uber,Transport,Debit Card,Mumbai,8,Tuesday,No,No,No,No,0,
TXN501879,ACC212512,2023-08-04 15:20:00,856.84,PhonePe Wallet,Wallet,Credit Card,Chennai,15,Friday,No,No,No,No,0,
TXN501880,ACC333507,2023-01-07 15:28:00,1543.59,IRCTC,Travel,Credit Card,Delhi,15,Saturday,No,No,No,No,0,
TXN501881,ACC732063,2023-12-15 10:28:00,747.08,Ola Cabs,Transport,UPI,Pune,10,Friday,No,No,No,No,0,
TXN501882,ACC185847,2023-01-23 09:23:00,2830.59,Paytm Mall,E-commerce,UPI,Mumbai,9,Monday,No,No,No,No,0,
TXN501883,ACC807160,2023-03-20 07:41:00,679.27,Netflix,Subscription,UPI,Hyderabad,7,Monday,No,No,No,No,0,
TXN501884,ACC521805,2023-11-05 02:47:00,1186.42,Amazon,E-commerce,Debit Card,Bangalore,2,Sunday,No,No,No,No,0,
TXN501885,ACC645617,2023-11-18 08:22:00,1953.84,Zomato,Food Delivery,Debit Card,Mumbai,8,Saturday,No,No,No,No,0,
TXN501886,ACC793939,2023-08-07 09:52:00,474.96,Amazon,E-commerce,UPI,Ahmedabad,9,Monday,No,No,No,No,0,
TXN501887,ACC967161,2023-07-01 18:31:00,1838.14,Myntra,Apparel,Debit Card,Ahmedabad,18,Saturday,No,No,No,No,0,
TXN501888,ACC288724,2023-10-14 23:13:00,1935.37,VPN_Service_Anon,Digital,Card-Not-Present,New York,23,Saturday,Yes,Yes,Yes,No,1,Off-hours
TXN501889,ACC563303,2023-11-25 05:52:00,783.03,IRCTC,Travel,UPI,Delhi,5,Saturday,No,No,No,No,0,
TXN501890,ACC813390,2023-10-03 07:37:00,959.8,Zomato,Food Delivery,Net Banking,Kolkata,7,Tuesday,No,No,No,No,0,
TXN501891,ACC401036,2023-04-01 23:07:00,10453.92,Myntra,Apparel,UPI,Pune,23,Saturday,No,No,No,No,0,
TXN501892,ACC769752,2023-08-06 02:28:00,706.51,Amazon,E-commerce,UPI,Kolkata,2,Sunday,No,No,No,No,0,
TXN501893,ACC630041,2023-02-20 07:50:00,634.71,Netflix,Subscription,UPI,Pune,7,Monday,No,No,No,No,0,
TXN501894,ACC860242,2023-08-19 09:01:00,3629.87,Uber,Transport,UPI,Pune,9,Saturday,No,No,No,No,0,
TXN501895,ACC663628,2023-04-14 00:51:00,878.27,BigBasket,Grocery,UPI,Kolkata,0,Friday,No,No,No,No,0,
TXN501896,ACC525187,2023-10-13 06:26:00,14869.32,Zomato,Food Delivery,UPI,Kolkata,6,Friday,No,No,No,No,0,
TXN501897,ACC711474,2023-07-21 07:17:00,40574.01,IntlCharge_8827,International,ATM,Dubai,7,Friday,Yes,Yes,Yes,Yes,1,Velocity breach
TXN501898,ACC601410,2023-05-18 19:37:00,7690.34,Paytm Mall,E-commerce,Net Banking,Chennai,19,Thursday,No,No,No,No,0,
TXN501899,ACC284327,2023-02-18 15:55:00,5589.02,PhonePe Wallet,Wallet,Credit Card,Delhi,15,Saturday,No,No,No,No,0,
TXN501900,ACC700705,2023-04-19 07:49:00,13803.55,Spotify,Subscription,Debit Card,Pune,7,Wednesday,No,No,No,No,0,
TXN501901,ACC834406,2023-01-27 03:35:00,790.24,Zomato,Food Delivery,UPI,Kolkata,3,Friday,No,No,No,No,0,
TXN501902,ACC366817,2023-10-26 05:40:00,997.64,BigBasket,Grocery,UPI,Pune,5,Thursday,No,No,No,No,0,
TXN501903,ACC329772,2023-10-08 10:00:00,37159.66,IntlCharge_8827,International,UPI,Singapore,10,Sunday,Yes,Yes,Yes,Yes,1,Velocity breach
TXN501904,ACC837952,2023-05-28 21:16:00,988.17,MakeMyTrip,Travel,Credit Card,Mumbai,21,Sunday,No,No,No,No,0,
TXN501905,ACC663628,2023-04-30 02:16:00,3088.0,MakeMyTrip,Travel,UPI,Pune,2,Sunday,No,No,No,No,0,
TXN501906,ACC346961,2023-07-03 02:07:00,1075.67,BookMyShow,Entertainment,UPI,Chennai,2,Monday,No,No,No,No,0,
TXN501907,ACC139110,2023-05-29 00:37:00,909.58,Myntra,Apparel,UPI,Mumbai,0,Monday,No,No,No,No,0,
TXN501908,ACC461264,2023-09-15 01:03:00,1095.03,Swiggy,Food Delivery,Credit Card,Delhi,1,Friday,No,No,No,No,0,
TXN501909,ACC590755,2023-05-09 07:27:00,26765.76,AbroadMerchant_TK,International,Card-Not-Present,London,7,Tuesday,Yes,Yes,Yes,Yes,1,High amount
TXN501910,ACC270387,2023-10-08 14:06:00,840.51,Amazon,E-commerce,Net Banking,Hyderabad,14,Sunday,No,No,No,No,0,
TXN501911,ACC540781,2023-11-25 17:41:00,1734.26,Spotify,Subscription,Credit Card,Delhi,17,Saturday,No,No,No,No,0,
TXN501912,ACC165142,2023-12-28 23:12:00,4405.25,Amazon,E-commerce,UPI,Hyderabad,23,Thursday,No,No,No,No,0,
TXN501913,ACC578987,2023-12-23 00:43:00,612.2,Myntra,Apparel,UPI,Bangalore,0,Saturday,No,No,No,No,0,
TXN501914,ACC462974,2023-01-19 03:20:00,2248.21,Swiggy,Food Delivery,Debit Card,Kolkata,3,Thursday,No,No,No,No,0,
TXN501915,ACC568127,2023-03-14 04:08:00,122.85,Spotify,Subscription,UPI,Bangalore,4,Tuesday,No,No,No,No,0,
TXN501916,ACC544278,2023-07-13 04:41:00,236.43,Amazon,E-commerce,Debit Card,Delhi,4,Thursday,No,No,No,No,0,
TXN501917,ACC813341,2023-04-18 07:36:00,425.26,Swiggy,Food Delivery,Debit Card,Chennai,7,Tuesday,No,No,No,No,0,
TXN501918,ACC813390,2023-06-21 13:43:00,412.06,BookMyShow,Entertainment,Net Banking,Ahmedabad,13,Wednesday,No,No,No,No,0,
TXN501919,ACC477017,2023-05-16 18:32:00,1503.58,Zomato,Food Delivery,Net Banking,Chennai,18,Tuesday,No,No,No,No,0,
TXN501920,ACC340820,2023-11-17 07:17:00,1292.1,Ola Cabs,Transport,Net Banking,Hyderabad,7,Friday,No,No,No,No,0,
TXN501921,ACC872399,2023-06-21 22:11:00,1964.58,Zomato,Food Delivery,Net Banking,Pune,22,Wednesday,No,No,No,No,0,
TXN501922,ACC401036,2023-03-22 11:50:00,1258.2,IRCTC,Travel,Credit Card,Delhi,11,Wednesday,No,No,No,No,0,
TXN501923,ACC147489,2023-04-23 07:25:00,612.66,Spotify,Subscription,Net Banking,Kolkata,7,Sunday,No,No,No,No,0,
TXN501924,ACC836038,2023-06-23 06:35:00,845.06,Flipkart,E-commerce,Debit Card,Chennai,6,Friday,No,No,No,No,0,
TXN501925,ACC133276,2023-09-10 18:09:00,7949.67,BookMyShow,Entertainment,UPI,Chennai,18,Sunday,No,No,No,No,0,
TXN501926,ACC577079,2023-06-15 08:13:00,608.91,Ola Cabs,Transport,UPI,Kolkata,8,Thursday,No,No,No,No,0,
TXN501927,ACC345722,2023-03-17 09:36:00,1200.96,PhonePe Wallet,Wallet,UPI,Kolkata,9,Friday,No,No,No,No,0,
TXN501928,ACC577079,2023-12-11 16:05:00,817.62,Swiggy,Food Delivery,Debit Card,Mumbai,16,Monday,No,No,No,No,0,
TXN501929,ACC409369,2023-08-31 04:24:00,23602.47,UnknownMerchant_XYZ,Unknown,Card-Not-Present,London,4,Thursday,Yes,Yes,Yes,Yes,1,Unknown merchant
TXN501930,ACC793939,2023-09-04 17:57:00,1797.66,Uber,Transport,Debit Card,Delhi,17,Monday,No,No,No,No,0,
TXN501931,ACC630041,2023-07-23 06:37:00,823.88,Netflix,Subscription,UPI,Bangalore,6,Sunday,No,No,No,No,0,
TXN501932,ACC700705,2023-07-18 22:18:00,9772.02,Myntra,Apparel,UPI,Bangalore,22,Tuesday,No,No,No,No,0,
TXN501933,ACC995993,2023-01-06 06:25:00,1166.68,Spotify,Subscription,UPI,Bangalore,6,Friday,No,No,No,No,0,
TXN501934,ACC172371,2023-05-30 18:29:00,930.42,Swiggy,Food Delivery,Credit Card,Chennai,18,Tuesday,No,No,No,No,0,
TXN501935,ACC740632,2023-01-17 03:24:00,1581.27,Swiggy,Food Delivery,UPI,Pune,3,Tuesday,No,No,No,No,0,
TXN501936,ACC581206,2023-04-10 07:14:00,7450.41,BookMyShow,Entertainment,UPI,Chennai,7,Monday,No,No,No,No,0,
TXN501937,ACC695361,2023-05-25 01:52:00,1113.72,Flipkart,E-commerce,Net Banking,Kolkata,1,Thursday,No,No,No,No,0,
TXN501938,ACC412886,2023-02-07 08:58:00,227.72,Paytm Mall,E-commerce,UPI,Mumbai,8,Tuesday,No,No,No,No,0,
TXN501939,ACC710754,2023-01-20 04:33:00,1670.05,Paytm Mall,E-commerce,UPI,Delhi,4,Friday,No,No,No,No,0,
TXN501940,ACC965708,2023-05-30 04:07:00,1795.87,Spotify,Subscription,Debit Card,Pune,4,Tuesday,No,No,No,No,0,
TXN501941,ACC485397,2023-06-13 06:04:00,169.7,Zomato,Food Delivery,UPI,Chennai,6,Tuesday,No,No,No,No,0,
TXN501942,ACC866634,2023-06-15 15:06:00,218.5,Spotify,Subscription,UPI,Delhi,15,Thursday,No,No,No,No,0,
TXN501943,ACC284327,2023-03-11 09:57:00,1354.56,PhonePe Wallet,Wallet,UPI,Pune,9,Saturday,No,No,No,No,0,
TXN501944,ACC521805,2023-08-24 20:19:00,6878.9,CryptoExch_Anon,Crypto,Card-Not-Present,Unknown,20,Thursday,Yes,No,Yes,No,1,Velocity breach
TXN501945,ACC359535,2023-09-19 11:31:00,624.4,Zomato,Food Delivery,UPI,Mumbai,11,Tuesday,No,No,No,No,0,
TXN501946,ACC740632,2023-12-03 12:07:00,536.53,Netflix,Subscription,UPI,Pune,12,Sunday,No,No,No,No,0,
TXN501947,ACC593699,2023-02-12 10:13:00,2617.34,CryptoExch_Anon,Crypto,NEFT,New York,10,Sunday,Yes,No,Yes,No,1,Velocity breach
TXN501948,ACC540781,2023-10-08 08:52:00,392.23,Myntra,Apparel,UPI,Delhi,8,Sunday,No,No,No,No,0,
TXN501949,ACC328486,2023-05-25 15:46:00,1188.31,Netflix,Subscription,Net Banking,Hyderabad,15,Thursday,No,No,No,No,0,
TXN501950,ACC969032,2023-09-17 18:38:00,256.64,IRCTC,Travel,Net Banking,Kolkata,18,Sunday,No,No,No,No,0,
TXN501951,ACC772687,2023-04-17 11:23:00,1034.49,Netflix,Subscription,Debit Card,Ahmedabad,11,Monday,No,No,No,No,0,
TXN501952,ACC293757,2023-12-01 11:25:00,100.49,Myntra,Apparel,Credit Card,Delhi,11,Friday,No,No,No,No,0,
TXN501953,ACC181896,2023-02-26 07:00:00,1923.99,Spotify,Subscription,UPI,Mumbai,7,Sunday,No,No,No,No,0,
TXN501954,ACC807160,2023-01-03 00:40:00,853.11,Spotify,Subscription,Debit Card,Ahmedabad,0,Tuesday,No,No,No,No,0,
TXN501955,ACC991638,2023-08-30 13:10:00,267.08,IRCTC,Travel,Debit Card,Bangalore,13,Wednesday,No,No,No,No,0,
TXN501956,ACC502206,2023-04-03 05:35:00,1095.3,BigBasket,Grocery,UPI,Hyderabad,5,Monday,No,No,No,No,0,
TXN501957,ACC444056,2023-01-17 00:17:00,126.08,Swiggy,Food Delivery,Credit Card,Chennai,0,Tuesday,No,No,No,No,0,
TXN501958,ACC807160,2023-12-27 03:59:00,107.92,IRCTC,Travel,Net Banking,Hyderabad,3,Wednesday,No,No,No,No,0,
TXN501959,ACC700705,2023-11-26 16:37:00,1862.49,BigBasket,Grocery,UPI,Ahmedabad,16,Sunday,No,No,No,No,0,
TXN501960,ACC670892,2023-09-26 07:01:00,1856.94,BigBasket,Grocery,UPI,Pune,7,Tuesday,No,No,No,No,0,
TXN501961,ACC940952,2023-06-04 02:39:00,1749.59,Myntra,Apparel,Credit Card,Pune,2,Sunday,No,No,No,No,0,
TXN501962,ACC492650,2023-08-21 09:46:00,1123.68,MakeMyTrip,Travel,Net Banking,Mumbai,9,Monday,No,No,No,No,0,
TXN501963,ACC805448,2023-09-12 17:41:00,1937.73,Uber,Transport,UPI,Bangalore,17,Tuesday,No,No,No,No,0,
TXN501964,ACC863214,2023-05-09 07:52:00,671.93,Uber,Transport,Net Banking,Hyderabad,7,Tuesday,No,No,No,No,0,
TXN501965,ACC805200,2023-06-06 22:49:00,11575.42,Amazon,E-commerce,UPI,Kolkata,22,Tuesday,No,No,No,No,0,
TXN501966,ACC444056,2023-07-03 04:33:00,11462.54,Flipkart,E-commerce,Net Banking,Hyderabad,4,Monday,No,No,No,No,0,
TXN501967,ACC836038,2023-08-20 08:23:00,1792.68,PhonePe Wallet,Wallet,Net Banking,Chennai,8,Sunday,No,No,No,No,0,
TXN501968,ACC302177,2023-06-03 18:57:00,747.54,Paytm Mall,E-commerce,UPI,Ahmedabad,18,Saturday,No,No,No,No,0,
TXN501969,ACC710754,2023-11-24 19:54:00,637.52,Zomato,Food Delivery,UPI,Hyderabad,19,Friday,No,No,No,No,0,
TXN501970,ACC588002,2023-05-04 23:09:00,1048.95,MakeMyTrip,Travel,Net Banking,Delhi,23,Thursday,No,No,No,No,0,
TXN501971,ACC813341,2023-02-26 23:21:00,1220.69,Myntra,Apparel,Net Banking,Hyderabad,23,Sunday,No,No,No,No,0,
TXN501972,ACC646571,2023-01-15 12:11:00,79.15,Spotify,Subscription,UPI,Ahmedabad,12,Sunday,No,No,No,No,0,
TXN501973,ACC331577,2023-04-24 21:09:00,1367.53,Flipkart,E-commerce,Credit Card,Delhi,21,Monday,No,No,No,No,0,
TXN501974,ACC439320,2023-09-26 12:14:00,1827.71,Amazon,E-commerce,Net Banking,Delhi,12,Tuesday,No,No,No,No,0,
TXN501975,ACC297636,2023-06-01 05:38:00,101.56,BigBasket,Grocery,Credit Card,Delhi,5,Thursday,No,No,No,No,0,
TXN501976,ACC347781,2023-07-27 12:38:00,1981.51,IRCTC,Travel,UPI,Hyderabad,12,Thursday,No,No,No,No,0,
TXN501977,ACC640310,2023-04-29 18:10:00,1086.7,Paytm Mall,E-commerce,UPI,Bangalore,18,Saturday,No,No,No,No,0,
TXN501978,ACC646571,2023-01-25 03:36:00,8362.32,IRCTC,Travel,UPI,Delhi,3,Wednesday,No,No,No,No,0,
TXN501979,ACC617904,2023-11-27 00:11:00,29108.69,VPN_Service_Anon,Digital,NEFT,Singapore,0,Monday,Yes,Yes,Yes,Yes,1,High amount
TXN501980,ACC685941,2023-07-12 22:45:00,1052.54,Ola Cabs,Transport,UPI,Mumbai,22,Wednesday,No,No,No,No,0,
TXN501981,ACC107161,2023-04-27 00:18:00,1467.56,Netflix,Subscription,Net Banking,Delhi,0,Thursday,No,No,No,No,0,
TXN501982,ACC657772,2023-08-27 17:49:00,784.85,Swiggy,Food Delivery,UPI,Ahmedabad,17,Sunday,No,No,No,No,0,
TXN501983,ACC967161,2023-11-11 09:48:00,13959.96,Myntra,Apparel,Net Banking,Ahmedabad,9,Saturday,No,No,No,No,0,
TXN501984,ACC785280,2023-06-24 01:22:00,1334.73,BigBasket,Grocery,UPI,Bangalore,1,Saturday,No,No,No,No,0,
TXN501985,ACC567122,2023-09-02 17:03:00,33125.27,AbroadMerchant_TK,International,Card-Not-Present,Kuala Lumpur,17,Saturday,Yes,Yes,Yes,Yes,1,Velocity breach
TXN501986,ACC769752,2023-07-20 15:40:00,12736.77,Paytm Mall,E-commerce,Credit Card,Chennai,15,Thursday,No,No,No,No,0,
TXN501987,ACC568436,2023-04-12 21:31:00,189.64,Swiggy,Food Delivery,Net Banking,Hyderabad,21,Wednesday,No,No,No,No,0,
TXN501988,ACC792267,2023-02-12 02:18:00,657.56,Spotify,Subscription,Credit Card,Ahmedabad,2,Sunday,No,No,No,No,0,
TXN501989,ACC796353,2023-10-19 17:36:00,1753.72,MakeMyTrip,Travel,Net Banking,Pune,17,Thursday,No,No,No,No,0,
TXN501990,ACC903265,2023-07-14 12:39:00,297.28,IRCTC,Travel,UPI,Ahmedabad,12,Friday,No,No,No,No,0,
TXN501991,ACC792267,2023-07-31 10:36:00,1770.65,Swiggy,Food Delivery,UPI,Delhi,10,Monday,No,No,No,No,0,
TXN501992,ACC885386,2023-07-18 11:10:00,621.03,Uber,Transport,UPI,Hyderabad,11,Tuesday,No,No,No,No,0,
TXN501993,ACC860242,2023-04-04 08:20:00,535.37,Myntra,Apparel,Credit Card,Kolkata,8,Tuesday,No,No,No,No,0,
TXN501994,ACC595002,2023-11-11 15:26:00,1197.93,BookMyShow,Entertainment,UPI,Pune,15,Saturday,No,No,No,No,0,
TXN501995,ACC548479,2023-01-12 09:26:00,3684.98,Ola Cabs,Transport,Net Banking,Hyderabad,9,Thursday,No,No,No,No,0,
TXN501996,ACC535604,2023-02-26 04:52:00,7815.03,Ola Cabs,Transport,Debit Card,Ahmedabad,4,Sunday,No,No,No,No,0,
TXN501997,ACC536045,2023-06-13 22:01:00,1566.37,Flipkart,E-commerce,Debit Card,Delhi,22,Tuesday,No,No,No,No,0,
TXN501998,ACC645617,2023-08-12 21:23:00,13608.73,MakeMyTrip,Travel,Credit Card,Mumbai,21,Saturday,No,No,No,No,0,
TXN501999,ACC133782,2023-10-18 14:54:00,317.03,MakeMyTrip,Travel,UPI,Ahmedabad,14,Wednesday,No,No,No,No,0,
TXN502000,ACC876513,2023-03-10 02:18:00,1689.71,PhonePe Wallet,Wallet,Net Banking,Chennai,2,Friday,No,No,No,No,0,
